# WaveFront *.obj file (generated by Autodesk ATF)

mtllib side.mtl

g body_back_wall

v 0.000000 0.000000 0.000000
v 0.000000 0.000000 0.300000
v 0.000000 3.500000 0.000000
v 0.000000 3.500000 0.300000
v 0.250000 0.300000 0.000000
v 0.250000 0.300000 0.300000
v 0.250000 3.200000 0.000000
v 0.250000 3.200000 0.300000
v 0.251704 0.287059 0.000000
v 0.251704 0.287059 0.300000
v 0.251704 0.312941 0.000000
v 0.251704 0.312941 0.300000
v 0.251704 3.187059 0.000000
v 0.251704 3.187059 0.300000
v 0.251704 3.212941 0.000000
v 0.251704 3.212941 0.300000
v 0.256699 0.275000 0.000000
v 0.256699 0.275000 0.300000
v 0.256699 0.325000 0.000000
v 0.256699 0.325000 0.300000
v 0.256699 3.175000 0.000000
v 0.256699 3.175000 0.300000
v 0.256699 3.225000 0.000000
v 0.256699 3.225000 0.300000
v 0.264645 0.264645 0.000000
v 0.264645 0.264645 0.300000
v 0.264645 0.335355 0.000000
v 0.264645 0.335355 0.300000
v 0.264645 3.164645 0.000000
v 0.264645 3.164645 0.300000
v 0.264645 3.235355 0.000000
v 0.264645 3.235355 0.300000
v 0.275000 0.256699 0.000000
v 0.275000 0.256699 0.300000
v 0.275000 0.343301 0.000000
v 0.275000 0.343301 0.300000
v 0.275000 3.156699 0.000000
v 0.275000 3.156699 0.300000
v 0.275000 3.243301 0.000000
v 0.275000 3.243301 0.300000
v 0.287059 0.251704 0.000000
v 0.287059 0.251704 0.300000
v 0.287059 0.348296 0.000000
v 0.287059 0.348296 0.300000
v 0.287059 3.151704 0.000000
v 0.287059 3.151704 0.300000
v 0.287059 3.248296 0.000000
v 0.287059 3.248296 0.300000
v 0.300000 0.000000 0.000000
v 0.300000 0.000000 0.300000
v 0.300000 0.250000 0.000000
v 0.300000 0.250000 0.300000
v 0.300000 0.350000 0.000000
v 0.300000 0.350000 0.300000
v 0.300000 0.600000 0.000000
v 0.300000 0.600000 0.300000
v 0.300000 1.600000 0.000000
v 0.300000 1.600000 0.300000
v 0.300000 1.900000 0.000000
v 0.300000 1.900000 0.300000
v 0.300000 2.900000 0.000000
v 0.300000 2.900000 0.300000
v 0.300000 3.150000 0.000000
v 0.300000 3.150000 0.300000
v 0.300000 3.250000 0.000000
v 0.300000 3.250000 0.300000
v 0.300000 3.500000 0.000000
v 0.300000 3.500000 0.300000
v 0.312941 0.348296 0.000000
v 0.312941 0.348296 0.300000
v 0.312941 3.151704 0.000000
v 0.312941 3.151704 0.300000
v 0.325000 0.343301 0.000000
v 0.325000 0.343301 0.300000
v 0.325000 3.156699 0.000000
v 0.325000 3.156699 0.300000
v 0.335355 0.335355 0.000000
v 0.335355 0.335355 0.300000
v 0.335355 3.164645 0.000000
v 0.335355 3.164645 0.300000
v 0.343301 0.325000 0.000000
v 0.343301 0.325000 0.300000
v 0.343301 3.175000 0.000000
v 0.343301 3.175000 0.300000
v 0.348296 0.312941 0.000000
v 0.348296 0.312941 0.300000
v 0.348296 3.187059 0.000000
v 0.348296 3.187059 0.300000
v 0.350000 0.300000 0.000000
v 0.350000 0.300000 0.300000
v 0.350000 3.200000 0.000000
v 0.350000 3.200000 0.300000
v 0.650000 0.300000 0.000000
v 0.650000 0.300000 0.300000
v 0.650000 3.200000 0.000000
v 0.650000 3.200000 0.300000
v 0.651704 0.312941 0.000000
v 0.651704 0.312941 0.300000
v 0.651704 3.187059 0.000000
v 0.651704 3.187059 0.300000
v 0.656699 0.325000 0.000000
v 0.656699 0.325000 0.300000
v 0.656699 3.175000 0.000000
v 0.656699 3.175000 0.300000
v 0.664645 0.335355 0.000000
v 0.664645 0.335355 0.300000
v 0.664645 3.164645 0.000000
v 0.664645 3.164645 0.300000
v 0.675000 0.343301 0.000000
v 0.675000 0.343301 0.300000
v 0.675000 3.156699 0.000000
v 0.675000 3.156699 0.300000
v 0.687059 0.348296 0.000000
v 0.687059 0.348296 0.300000
v 0.687059 3.151704 0.000000
v 0.687059 3.151704 0.300000
v 0.700000 0.000000 0.000000
v 0.700000 0.000000 0.300000
v 0.700000 0.250000 0.000000
v 0.700000 0.250000 0.300000
v 0.700000 0.350000 0.000000
v 0.700000 0.350000 0.300000
v 0.700000 0.600000 0.000000
v 0.700000 0.600000 0.300000
v 0.700000 1.050000 0.300000
v 0.700000 1.050000 0.800000
v 0.700000 1.350000 0.300000
v 0.700000 1.350000 0.800000
v 0.700000 1.600000 0.000000
v 0.700000 1.600000 0.300000
v 0.700000 1.900000 0.000000
v 0.700000 1.900000 0.300000
v 0.700000 2.900000 0.000000
v 0.700000 2.900000 0.300000
v 0.700000 3.150000 0.000000
v 0.700000 3.150000 0.300000
v 0.700000 3.250000 0.000000
v 0.700000 3.250000 0.300000
v 0.700000 3.500000 0.000000
v 0.700000 3.500000 0.300000
v 0.712941 0.251704 0.000000
v 0.712941 0.251704 0.300000
v 0.712941 0.348296 0.000000
v 0.712941 0.348296 0.300000
v 0.712941 3.151704 0.000000
v 0.712941 3.151704 0.300000
v 0.712941 3.248296 0.000000
v 0.712941 3.248296 0.300000
v 0.725000 0.256699 0.000000
v 0.725000 0.256699 0.300000
v 0.725000 0.343301 0.000000
v 0.725000 0.343301 0.300000
v 0.725000 3.156699 0.000000
v 0.725000 3.156699 0.300000
v 0.725000 3.243301 0.000000
v 0.725000 3.243301 0.300000
v 0.735355 0.264645 0.000000
v 0.735355 0.264645 0.300000
v 0.735355 0.335355 0.000000
v 0.735355 0.335355 0.300000
v 0.735355 3.164645 0.000000
v 0.735355 3.164645 0.300000
v 0.735355 3.235355 0.000000
v 0.735355 3.235355 0.300000
v 0.743301 0.275000 0.000000
v 0.743301 0.275000 0.300000
v 0.743301 0.325000 0.000000
v 0.743301 0.325000 0.300000
v 0.743301 3.175000 0.000000
v 0.743301 3.175000 0.300000
v 0.743301 3.225000 0.000000
v 0.743301 3.225000 0.300000
v 0.748296 0.287059 0.000000
v 0.748296 0.287059 0.300000
v 0.748296 0.312941 0.000000
v 0.748296 0.312941 0.300000
v 0.748296 3.187059 0.000000
v 0.748296 3.187059 0.300000
v 0.748296 3.212941 0.000000
v 0.748296 3.212941 0.300000
v 0.750000 0.300000 0.000000
v 0.750000 0.300000 0.300000
v 0.750000 3.200000 0.000000
v 0.750000 3.200000 0.300000
v 0.900000 2.450000 0.300000
v 0.900000 2.450000 0.600000
v 0.913630 2.346472 0.300000
v 0.913630 2.346472 0.600000
v 0.913630 2.553528 0.300000
v 0.913630 2.553528 0.600000
v 0.953590 2.250000 0.300000
v 0.953590 2.250000 0.600000
v 0.953590 2.650000 0.300000
v 0.953590 2.650000 0.600000
v 1.000000 0.000000 0.000000
v 1.000000 0.000000 0.300000
v 1.000000 1.050000 0.000000
v 1.000000 1.050000 0.300000
v 1.000000 1.350000 0.000000
v 1.000000 1.350000 0.300000
v 1.000000 2.000000 0.000000
v 1.000000 2.000000 0.300000
v 1.000000 2.900000 0.000000
v 1.000000 2.900000 0.300000
v 1.000000 3.500000 0.000000
v 1.000000 3.500000 0.300000
v 1.017157 2.167157 0.300000
v 1.017157 2.167157 0.600000
v 1.017157 2.732843 0.300000
v 1.017157 2.732843 0.600000
v 1.050000 2.300000 0.000000
v 1.050000 2.300000 0.600000
v 1.050000 2.600000 0.000000
v 1.050000 2.600000 0.600000
v 1.051704 2.287059 0.000000
v 1.051704 2.287059 0.600000
v 1.051704 2.312941 0.000000
v 1.051704 2.312941 0.600000
v 1.051704 2.587059 0.000000
v 1.051704 2.587059 0.600000
v 1.051704 2.612941 0.000000
v 1.051704 2.612941 0.600000
v 1.056699 2.275000 0.000000
v 1.056699 2.275000 0.600000
v 1.056699 2.325000 0.000000
v 1.056699 2.325000 0.600000
v 1.056699 2.575000 0.000000
v 1.056699 2.575000 0.600000
v 1.056699 2.625000 0.000000
v 1.056699 2.625000 0.600000
v 1.064645 2.264645 0.000000
v 1.064645 2.264645 0.600000
v 1.064645 2.335355 0.000000
v 1.064645 2.335355 0.600000
v 1.064645 2.564645 0.000000
v 1.064645 2.564645 0.600000
v 1.064645 2.635355 0.000000
v 1.064645 2.635355 0.600000
v 1.075000 2.256699 0.000000
v 1.075000 2.256699 0.600000
v 1.075000 2.343301 0.000000
v 1.075000 2.343301 0.600000
v 1.075000 2.556699 0.000000
v 1.075000 2.556699 0.600000
v 1.075000 2.643301 0.000000
v 1.075000 2.643301 0.600000
v 1.087059 2.251704 0.000000
v 1.087059 2.251704 0.600000
v 1.087059 2.348296 0.000000
v 1.087059 2.348296 0.600000
v 1.087059 2.551704 0.000000
v 1.087059 2.551704 0.600000
v 1.087059 2.648296 0.000000
v 1.087059 2.648296 0.600000
v 1.100000 2.103590 0.300000
v 1.100000 2.103590 0.600000
v 1.100000 2.250000 0.000000
v 1.100000 2.250000 0.600000
v 1.100000 2.350000 0.000000
v 1.100000 2.350000 0.600000
v 1.100000 2.550000 0.000000
v 1.100000 2.550000 0.600000
v 1.100000 2.650000 0.000000
v 1.100000 2.650000 0.600000
v 1.100000 2.796410 0.300000
v 1.100000 2.796410 0.600000
v 1.112941 2.251704 0.000000
v 1.112941 2.251704 0.600000
v 1.112941 2.648296 0.000000
v 1.112941 2.648296 0.600000
v 1.125000 2.256699 0.000000
v 1.125000 2.256699 0.600000
v 1.125000 2.643301 0.000000
v 1.125000 2.643301 0.600000
v 1.135355 2.264645 0.000000
v 1.135355 2.264645 0.600000
v 1.135355 2.635355 0.000000
v 1.135355 2.635355 0.600000
v 1.143301 2.275000 0.000000
v 1.143301 2.275000 0.600000
v 1.143301 2.625000 0.000000
v 1.143301 2.625000 0.600000
v 1.148296 2.287059 0.000000
v 1.148296 2.287059 0.600000
v 1.148296 2.612941 0.000000
v 1.148296 2.612941 0.600000
v 1.150000 2.300000 0.000000
v 1.150000 2.300000 0.600000
v 1.150000 2.600000 0.000000
v 1.150000 2.600000 0.600000
v 1.196472 2.063630 0.300000
v 1.196472 2.063630 0.600000
v 1.196472 2.836370 0.300000
v 1.196472 2.836370 0.600000
v 1.300000 2.050000 0.300000
v 1.300000 2.050000 0.600000
v 1.300000 2.850000 0.300000
v 1.300000 2.850000 0.600000
v 1.403528 2.063630 0.300000
v 1.403528 2.063630 0.600000
v 1.403528 2.836370 0.300000
v 1.403528 2.836370 0.600000
v 1.450000 2.300000 0.000000
v 1.450000 2.300000 0.600000
v 1.450000 2.600000 0.000000
v 1.450000 2.600000 0.600000
v 1.451704 2.287059 0.000000
v 1.451704 2.287059 0.600000
v 1.451704 2.612941 0.000000
v 1.451704 2.612941 0.600000
v 1.456699 2.275000 0.000000
v 1.456699 2.275000 0.600000
v 1.456699 2.625000 0.000000
v 1.456699 2.625000 0.600000
v 1.464645 2.264645 0.000000
v 1.464645 2.264645 0.600000
v 1.464645 2.635355 0.000000
v 1.464645 2.635355 0.600000
v 1.475000 2.256699 0.000000
v 1.475000 2.256699 0.600000
v 1.475000 2.643301 0.000000
v 1.475000 2.643301 0.600000
v 1.487059 2.251704 0.000000
v 1.487059 2.251704 0.600000
v 1.487059 2.648296 0.000000
v 1.487059 2.648296 0.600000
v 1.500000 2.103590 0.300000
v 1.500000 2.103590 0.600000
v 1.500000 2.250000 0.000000
v 1.500000 2.250000 0.600000
v 1.500000 2.350000 0.000000
v 1.500000 2.350000 0.600000
v 1.500000 2.550000 0.000000
v 1.500000 2.550000 0.600000
v 1.500000 2.650000 0.000000
v 1.500000 2.650000 0.600000
v 1.500000 2.796410 0.300000
v 1.500000 2.796410 0.600000
v 1.512941 2.251704 0.000000
v 1.512941 2.251704 0.600000
v 1.512941 2.348296 0.000000
v 1.512941 2.348296 0.600000
v 1.512941 2.551704 0.000000
v 1.512941 2.551704 0.600000
v 1.512941 2.648296 0.000000
v 1.512941 2.648296 0.600000
v 1.525000 2.256699 0.000000
v 1.525000 2.256699 0.600000
v 1.525000 2.343301 0.000000
v 1.525000 2.343301 0.600000
v 1.525000 2.556699 0.000000
v 1.525000 2.556699 0.600000
v 1.525000 2.643301 0.000000
v 1.525000 2.643301 0.600000
v 1.535355 2.264645 0.000000
v 1.535355 2.264645 0.600000
v 1.535355 2.335355 0.000000
v 1.535355 2.335355 0.600000
v 1.535355 2.564645 0.000000
v 1.535355 2.564645 0.600000
v 1.535355 2.635355 0.000000
v 1.535355 2.635355 0.600000
v 1.543301 2.275000 0.000000
v 1.543301 2.275000 0.600000
v 1.543301 2.325000 0.000000
v 1.543301 2.325000 0.600000
v 1.543301 2.575000 0.000000
v 1.543301 2.575000 0.600000
v 1.543301 2.625000 0.000000
v 1.543301 2.625000 0.600000
v 1.548296 2.287059 0.000000
v 1.548296 2.287059 0.600000
v 1.548296 2.312941 0.000000
v 1.548296 2.312941 0.600000
v 1.548296 2.587059 0.000000
v 1.548296 2.587059 0.600000
v 1.548296 2.612941 0.000000
v 1.548296 2.612941 0.600000
v 1.550000 2.300000 0.000000
v 1.550000 2.300000 0.600000
v 1.550000 2.600000 0.000000
v 1.550000 2.600000 0.600000
v 1.582843 2.167157 0.300000
v 1.582843 2.167157 0.600000
v 1.582843 2.732843 0.300000
v 1.582843 2.732843 0.600000
v 1.600000 0.000000 0.000000
v 1.600000 0.000000 0.300000
v 1.600000 1.050000 0.000000
v 1.600000 1.050000 0.300000
v 1.600000 1.350000 0.000000
v 1.600000 1.350000 0.300000
v 1.600000 2.000000 0.000000
v 1.600000 2.000000 0.300000
v 1.600000 2.900000 0.000000
v 1.600000 2.900000 0.300000
v 1.600000 3.500000 0.000000
v 1.600000 3.500000 0.300000
v 1.646410 2.250000 0.300000
v 1.646410 2.250000 0.600000
v 1.646410 2.650000 0.300000
v 1.646410 2.650000 0.600000
v 1.686370 2.346472 0.300000
v 1.686370 2.346472 0.600000
v 1.686370 2.553528 0.300000
v 1.686370 2.553528 0.600000
v 1.700000 2.450000 0.300000
v 1.700000 2.450000 0.600000
v 1.850000 0.300000 0.000000
v 1.850000 0.300000 0.300000
v 1.850000 3.200000 0.000000
v 1.850000 3.200000 0.300000
v 1.851704 0.287059 0.000000
v 1.851704 0.287059 0.300000
v 1.851704 0.312941 0.000000
v 1.851704 0.312941 0.300000
v 1.851704 3.187059 0.000000
v 1.851704 3.187059 0.300000
v 1.851704 3.212941 0.000000
v 1.851704 3.212941 0.300000
v 1.856699 0.275000 0.000000
v 1.856699 0.275000 0.300000
v 1.856699 0.325000 0.000000
v 1.856699 0.325000 0.300000
v 1.856699 3.175000 0.000000
v 1.856699 3.175000 0.300000
v 1.856699 3.225000 0.000000
v 1.856699 3.225000 0.300000
v 1.864645 0.264645 0.000000
v 1.864645 0.264645 0.300000
v 1.864645 0.335355 0.000000
v 1.864645 0.335355 0.300000
v 1.864645 3.164645 0.000000
v 1.864645 3.164645 0.300000
v 1.864645 3.235355 0.000000
v 1.864645 3.235355 0.300000
v 1.875000 0.256699 0.000000
v 1.875000 0.256699 0.300000
v 1.875000 0.343301 0.000000
v 1.875000 0.343301 0.300000
v 1.875000 3.156699 0.000000
v 1.875000 3.156699 0.300000
v 1.875000 3.243301 0.000000
v 1.875000 3.243301 0.300000
v 1.887059 0.251704 0.000000
v 1.887059 0.251704 0.300000
v 1.887059 0.348296 0.000000
v 1.887059 0.348296 0.300000
v 1.887059 3.151704 0.000000
v 1.887059 3.151704 0.300000
v 1.887059 3.248296 0.000000
v 1.887059 3.248296 0.300000
v 1.900000 0.000000 0.000000
v 1.900000 0.000000 0.300000
v 1.900000 0.250000 0.000000
v 1.900000 0.250000 0.300000
v 1.900000 0.350000 0.000000
v 1.900000 0.350000 0.300000
v 1.900000 0.600000 0.000000
v 1.900000 0.600000 0.300000
v 1.900000 1.050000 0.300000
v 1.900000 1.050000 0.800000
v 1.900000 1.350000 0.300000
v 1.900000 1.350000 0.800000
v 1.900000 1.600000 0.000000
v 1.900000 1.600000 0.300000
v 1.900000 1.900000 0.000000
v 1.900000 1.900000 0.300000
v 1.900000 2.900000 0.000000
v 1.900000 2.900000 0.300000
v 1.900000 3.150000 0.000000
v 1.900000 3.150000 0.300000
v 1.900000 3.250000 0.000000
v 1.900000 3.250000 0.300000
v 1.900000 3.500000 0.000000
v 1.900000 3.500000 0.300000
v 1.912941 0.348296 0.000000
v 1.912941 0.348296 0.300000
v 1.912941 3.151704 0.000000
v 1.912941 3.151704 0.300000
v 1.925000 0.343301 0.000000
v 1.925000 0.343301 0.300000
v 1.925000 3.156699 0.000000
v 1.925000 3.156699 0.300000
v 1.935355 0.335355 0.000000
v 1.935355 0.335355 0.300000
v 1.935355 3.164645 0.000000
v 1.935355 3.164645 0.300000
v 1.943301 0.325000 0.000000
v 1.943301 0.325000 0.300000
v 1.943301 3.175000 0.000000
v 1.943301 3.175000 0.300000
v 1.948296 0.312941 0.000000
v 1.948296 0.312941 0.300000
v 1.948296 3.187059 0.000000
v 1.948296 3.187059 0.300000
v 1.950000 0.300000 0.000000
v 1.950000 0.300000 0.300000
v 1.950000 3.200000 0.000000
v 1.950000 3.200000 0.300000
v 2.250000 0.300000 0.000000
v 2.250000 0.300000 0.300000
v 2.250000 3.200000 0.000000
v 2.250000 3.200000 0.300000
v 2.251704 0.312941 0.000000
v 2.251704 0.312941 0.300000
v 2.251704 3.187059 0.000000
v 2.251704 3.187059 0.300000
v 2.256699 0.325000 0.000000
v 2.256699 0.325000 0.300000
v 2.256699 3.175000 0.000000
v 2.256699 3.175000 0.300000
v 2.264645 0.335355 0.000000
v 2.264645 0.335355 0.300000
v 2.264645 3.164645 0.000000
v 2.264645 3.164645 0.300000
v 2.275000 0.343301 0.000000
v 2.275000 0.343301 0.300000
v 2.275000 3.156699 0.000000
v 2.275000 3.156699 0.300000
v 2.287059 0.348296 0.000000
v 2.287059 0.348296 0.300000
v 2.287059 3.151704 0.000000
v 2.287059 3.151704 0.300000
v 2.300000 0.000000 0.000000
v 2.300000 0.000000 0.300000
v 2.300000 0.250000 0.000000
v 2.300000 0.250000 0.300000
v 2.300000 0.350000 0.000000
v 2.300000 0.350000 0.300000
v 2.300000 0.600000 0.000000
v 2.300000 0.600000 0.300000
v 2.300000 1.600000 0.000000
v 2.300000 1.600000 0.300000
v 2.300000 1.900000 0.000000
v 2.300000 1.900000 0.300000
v 2.300000 2.900000 0.000000
v 2.300000 2.900000 0.300000
v 2.300000 3.150000 0.000000
v 2.300000 3.150000 0.300000
v 2.300000 3.250000 0.000000
v 2.300000 3.250000 0.300000
v 2.300000 3.500000 0.000000
v 2.300000 3.500000 0.300000
v 2.312941 0.251704 0.000000
v 2.312941 0.251704 0.300000
v 2.312941 0.348296 0.000000
v 2.312941 0.348296 0.300000
v 2.312941 3.151704 0.000000
v 2.312941 3.151704 0.300000
v 2.312941 3.248296 0.000000
v 2.312941 3.248296 0.300000
v 2.325000 0.256699 0.000000
v 2.325000 0.256699 0.300000
v 2.325000 0.343301 0.000000
v 2.325000 0.343301 0.300000
v 2.325000 3.156699 0.000000
v 2.325000 3.156699 0.300000
v 2.325000 3.243301 0.000000
v 2.325000 3.243301 0.300000
v 2.335355 0.264645 0.000000
v 2.335355 0.264645 0.300000
v 2.335355 0.335355 0.000000
v 2.335355 0.335355 0.300000
v 2.335355 3.164645 0.000000
v 2.335355 3.164645 0.300000
v 2.335355 3.235355 0.000000
v 2.335355 3.235355 0.300000
v 2.343301 0.275000 0.000000
v 2.343301 0.275000 0.300000
v 2.343301 0.325000 0.000000
v 2.343301 0.325000 0.300000
v 2.343301 3.175000 0.000000
v 2.343301 3.175000 0.300000
v 2.343301 3.225000 0.000000
v 2.343301 3.225000 0.300000
v 2.348296 0.287059 0.000000
v 2.348296 0.287059 0.300000
v 2.348296 0.312941 0.000000
v 2.348296 0.312941 0.300000
v 2.348296 3.187059 0.000000
v 2.348296 3.187059 0.300000
v 2.348296 3.212941 0.000000
v 2.348296 3.212941 0.300000
v 2.350000 0.300000 0.000000
v 2.350000 0.300000 0.300000
v 2.350000 3.200000 0.000000
v 2.350000 3.200000 0.300000
v 2.600000 0.000000 0.000000
v 2.600000 0.000000 0.300000
v 2.600000 3.500000 0.000000
v 2.600000 3.500000 0.300000
usemtl Steel_-_Satin
f 219 211 213
f 211 219 217
f 217 219 227
f 217 227 225
f 225 227 235
f 225 235 233
f 233 235 243
f 233 243 241
f 241 243 251
f 241 251 249
f 249 251 261
f 249 261 259
f 203 213 201
f 213 203 221
f 221 203 229
f 229 203 237
f 237 203 245
f 245 203 395
f 245 395 253
f 253 395 263
f 263 395 269
f 269 395 273
f 273 395 277
f 277 395 281
f 281 395 285
f 285 395 289
f 289 395 313
f 289 313 309
f 289 309 305
f 313 395 317
f 317 395 321
f 321 395 325
f 325 395 335
f 335 395 345
f 345 395 353
f 353 395 361
f 361 395 369
f 369 395 377
f 377 395 381
f 381 395 379
f 391 197 199
f 197 391 389
f 201 239 393
f 239 201 231
f 231 201 223
f 223 201 215
f 215 201 211
f 211 201 213
f 393 239 247
f 393 247 257
f 393 257 267
f 393 267 271
f 393 271 275
f 393 275 279
f 393 279 283
f 393 283 287
f 393 287 311
f 311 287 307
f 307 287 303
f 393 311 315
f 393 315 319
f 393 319 323
f 393 323 329
f 393 329 339
f 393 339 347
f 393 347 355
f 393 355 363
f 393 363 371
f 393 371 379
f 393 379 395
f 343 331 333
f 331 343 341
f 341 343 351
f 341 351 349
f 349 351 359
f 349 359 357
f 357 359 367
f 357 367 365
f 365 367 375
f 365 375 373
f 373 375 381
f 373 381 379
f 3 7 1
f 7 3 15
f 15 3 67
f 15 67 23
f 23 67 31
f 31 67 39
f 39 67 47
f 47 67 65
f 475 395 397
f 395 475 393
f 393 475 419
f 393 419 391
f 391 419 411
f 391 411 389
f 389 411 387
f 419 475 427
f 427 475 435
f 435 475 443
f 443 475 451
f 451 475 473
f 591 541 543
f 541 591 551
f 551 591 559
f 559 591 567
f 567 591 575
f 575 591 583
f 583 591 587
f 587 591 585
f 545 525 527
f 525 545 589
f 589 545 553
f 589 553 561
f 589 561 569
f 589 569 577
f 589 577 585
f 589 585 591
f 479 469 471
f 469 479 537
f 537 479 483
f 537 483 487
f 537 487 491
f 537 491 495
f 537 495 499
f 537 499 507
f 507 499 503
f 537 507 511
f 537 511 515
f 537 515 519
f 537 519 523
f 537 523 539
f 537 539 549
f 537 549 531
f 531 549 529
f 529 549 547
f 547 549 557
f 547 557 555
f 555 557 565
f 555 565 563
f 563 565 573
f 563 573 571
f 571 573 581
f 571 581 579
f 579 581 587
f 579 587 585
f 417 409 411
f 409 417 415
f 415 417 425
f 415 425 423
f 423 425 433
f 423 433 431
f 431 433 441
f 431 441 439
f 439 441 449
f 439 449 447
f 447 449 471
f 447 471 457
f 457 471 469
f 457 469 467
f 457 467 465
f 457 465 459
f 457 459 531
f 457 531 477
f 477 531 481
f 481 531 485
f 485 531 489
f 489 531 493
f 493 531 497
f 497 531 505
f 497 505 501
f 505 531 509
f 509 531 513
f 513 531 517
f 517 531 521
f 521 531 529
f 535 465 467
f 465 535 533
f 533 535 531
f 531 535 537
f 387 413 453
f 413 387 409
f 409 387 411
f 453 413 421
f 453 421 429
f 453 429 437
f 453 437 445
f 453 445 455
f 205 137 139
f 137 205 147
f 147 205 155
f 155 205 163
f 163 205 171
f 171 205 179
f 179 205 183
f 183 205 181
f 181 205 203
f 141 117 119
f 117 141 195
f 195 141 149
f 195 149 157
f 195 157 165
f 195 165 173
f 195 173 181
f 195 181 203
f 195 203 201
f 195 201 199
f 195 199 197
f 71 61 63
f 61 71 133
f 133 71 75
f 133 75 79
f 133 79 83
f 133 83 87
f 133 87 91
f 133 91 99
f 99 91 95
f 133 99 103
f 133 103 107
f 133 107 111
f 133 111 115
f 133 115 135
f 133 135 145
f 133 145 131
f 131 145 129
f 129 145 123
f 123 145 121
f 121 145 143
f 143 145 153
f 143 153 151
f 151 153 161
f 151 161 159
f 159 161 169
f 159 169 167
f 167 169 177
f 167 177 175
f 175 177 183
f 175 183 181
f 13 5 7
f 5 13 11
f 11 13 21
f 11 21 19
f 19 21 29
f 19 29 27
f 27 29 37
f 27 37 35
f 35 37 45
f 35 45 43
f 43 45 63
f 43 63 53
f 53 63 61
f 53 61 59
f 53 59 57
f 53 57 55
f 53 55 69
f 69 55 123
f 69 123 73
f 73 123 77
f 77 123 81
f 81 123 85
f 85 123 89
f 89 123 97
f 89 97 93
f 97 123 101
f 101 123 105
f 105 123 109
f 109 123 113
f 113 123 121
f 131 57 59
f 57 131 129
f 1 9 49
f 9 1 5
f 5 1 7
f 49 9 17
f 49 17 25
f 49 25 33
f 49 33 41
f 49 41 51
f 2 6 4
f 6 2 10
f 10 2 50
f 10 50 18
f 18 50 26
f 26 50 34
f 34 50 42
f 42 50 52
f 454 390 388
f 390 454 414
f 390 414 410
f 414 454 422
f 422 454 430
f 430 454 438
f 438 454 446
f 446 454 456
f 590 528 526
f 528 590 546
f 546 590 554
f 554 590 562
f 562 590 570
f 570 590 578
f 578 590 586
f 586 590 588
f 552 544 542
f 544 552 592
f 592 552 560
f 592 560 568
f 592 568 576
f 592 576 584
f 592 584 588
f 592 588 590
f 478 460 458
f 460 478 532
f 532 478 482
f 532 482 486
f 532 486 490
f 532 490 494
f 532 494 498
f 532 498 506
f 506 498 502
f 532 506 510
f 532 510 514
f 532 514 518
f 532 518 522
f 532 522 530
f 532 530 548
f 532 548 538
f 538 548 540
f 540 548 550
f 550 548 556
f 550 556 558
f 558 556 564
f 558 564 566
f 566 564 574
f 574 564 572
f 574 572 580
f 574 580 582
f 582 580 586
f 582 586 588
f 463 394 392
f 394 463 399
f 399 463 403
f 403 463 407
f 407 463 412
f 412 463 418
f 418 463 426
f 426 463 434
f 434 463 442
f 442 463 450
f 450 463 472
f 472 463 466
f 472 466 468
f 472 468 470
f 472 470 538
f 472 538 480
f 480 538 484
f 484 538 488
f 488 538 492
f 492 538 496
f 496 538 500
f 500 538 508
f 500 508 504
f 508 538 512
f 512 538 516
f 516 538 520
f 520 538 524
f 524 538 540
f 534 468 466
f 468 534 536
f 536 534 532
f 536 532 538
f 410 461 390
f 461 410 416
f 461 416 424
f 461 424 432
f 461 432 440
f 461 440 448
f 461 448 458
f 461 458 460
f 209 204 193
f 204 209 265
f 204 265 293
f 204 293 396
f 396 293 297
f 396 297 301
f 396 301 337
f 396 337 385
f 396 385 401
f 396 401 398
f 398 401 476
f 476 401 405
f 476 405 407
f 476 407 420
f 420 407 412
f 476 420 428
f 476 428 436
f 476 436 444
f 476 444 452
f 476 452 474
f 196 120 118
f 120 196 142
f 142 196 150
f 150 196 158
f 158 196 166
f 166 196 174
f 174 196 182
f 54 56 58
f 56 54 70
f 56 70 124
f 124 70 74
f 124 74 78
f 124 78 82
f 124 82 86
f 124 86 90
f 124 90 98
f 98 90 94
f 124 98 102
f 124 102 106
f 124 106 110
f 124 110 114
f 124 114 122
f 124 122 144
f 124 144 125
f 125 144 198
f 198 144 152
f 198 152 160
f 198 160 168
f 198 168 176
f 198 176 182
f 198 182 196
f 200 130 127
f 130 200 132
f 132 200 134
f 134 200 136
f 136 200 146
f 146 200 154
f 154 200 162
f 162 200 170
f 170 200 178
f 178 200 184
f 184 200 185
f 185 200 187
f 187 200 191
f 191 200 202
f 191 202 207
f 207 202 255
f 255 202 291
f 291 202 394
f 291 394 295
f 295 394 299
f 299 394 327
f 327 394 383
f 383 394 399
f 148 140 138
f 140 148 206
f 206 148 156
f 206 156 164
f 206 164 172
f 206 172 180
f 206 180 184
f 206 184 185
f 206 185 189
f 206 189 193
f 206 193 204
f 12 8 6
f 8 12 14
f 14 12 20
f 14 20 22
f 22 20 30
f 30 20 28
f 30 28 38
f 38 28 36
f 38 36 46
f 46 36 44
f 46 44 64
f 64 44 54
f 64 54 58
f 64 58 60
f 64 60 62
f 64 62 134
f 64 134 72
f 72 134 76
f 76 134 80
f 80 134 84
f 84 134 88
f 88 134 92
f 92 134 100
f 92 100 96
f 100 134 104
f 104 134 108
f 108 134 112
f 112 134 116
f 116 134 136
f 130 60 58
f 60 130 132
f 4 16 68
f 16 4 8
f 8 4 6
f 68 16 24
f 68 24 32
f 68 32 40
f 68 40 48
f 68 48 66
f 94 89 93
f 89 94 90
f 86 89 90
f 89 86 85
f 82 85 86
f 85 82 81
f 78 81 82
f 81 78 77
f 78 73 77
f 73 78 74
f 74 69 73
f 69 74 70
f 70 53 69
f 53 70 54
f 54 43 53
f 43 54 44
f 44 35 43
f 35 44 36
f 36 27 35
f 27 36 28
f 27 20 19
f 20 27 28
f 19 12 11
f 12 19 20
f 11 6 5
f 6 11 12
f 5 10 9
f 10 5 6
f 9 18 17
f 18 9 10
f 17 26 25
f 26 17 18
f 26 33 25
f 33 26 34
f 34 41 33
f 41 34 42
f 42 51 41
f 51 42 52
f 51 50 49
f 50 51 52
f 50 1 49
f 1 50 2
f 4 1 2
f 1 4 3
f 4 67 3
f 67 4 68
f 67 66 65
f 66 67 68
f 66 47 65
f 47 66 48
f 48 39 47
f 39 48 40
f 40 31 39
f 31 40 32
f 31 24 23
f 24 31 32
f 23 16 15
f 16 23 24
f 15 8 7
f 8 15 16
f 7 14 13
f 14 7 8
f 13 22 21
f 22 13 14
f 21 30 29
f 30 21 22
f 30 37 29
f 37 30 38
f 38 45 37
f 45 38 46
f 46 63 45
f 63 46 64
f 64 71 63
f 71 64 72
f 72 75 71
f 75 72 76
f 76 79 75
f 79 76 80
f 84 79 80
f 79 84 83
f 88 83 84
f 83 88 87
f 92 87 88
f 87 92 91
f 92 95 91
f 95 92 96
f 95 100 99
f 100 95 96
f 99 104 103
f 104 99 100
f 103 108 107
f 108 103 104
f 108 111 107
f 111 108 112
f 112 115 111
f 115 112 116
f 116 135 115
f 135 116 136
f 136 145 135
f 145 136 146
f 146 153 145
f 153 146 154
f 154 161 153
f 161 154 162
f 170 161 162
f 161 170 169
f 178 169 170
f 169 178 177
f 184 177 178
f 177 184 183
f 180 183 184
f 183 180 179
f 172 179 180
f 179 172 171
f 164 171 172
f 171 164 163
f 164 155 163
f 155 164 156
f 156 147 155
f 147 156 148
f 148 137 147
f 137 148 138
f 140 137 138
f 137 140 139
f 140 205 139
f 205 140 206
f 205 204 203
f 204 205 206
f 204 395 203
f 395 204 396
f 398 395 396
f 395 398 397
f 398 475 397
f 475 398 476
f 475 474 473
f 474 475 476
f 474 451 473
f 451 474 452
f 452 443 451
f 443 452 444
f 444 435 443
f 435 444 436
f 435 428 427
f 428 435 436
f 427 420 419
f 420 427 428
f 419 412 411
f 412 419 420
f 411 418 417
f 418 411 412
f 417 426 425
f 426 417 418
f 425 434 433
f 434 425 426
f 434 441 433
f 441 434 442
f 442 449 441
f 449 442 450
f 450 471 449
f 471 450 472
f 472 479 471
f 479 472 480
f 480 483 479
f 483 480 484
f 484 487 483
f 487 484 488
f 492 487 488
f 487 492 491
f 496 491 492
f 491 496 495
f 500 495 496
f 495 500 499
f 500 503 499
f 503 500 504
f 503 508 507
f 508 503 504
f 507 512 511
f 512 507 508
f 511 516 515
f 516 511 512
f 516 519 515
f 519 516 520
f 520 523 519
f 523 520 524
f 524 539 523
f 539 524 540
f 540 549 539
f 549 540 550
f 550 557 549
f 557 550 558
f 558 565 557
f 565 558 566
f 574 565 566
f 565 574 573
f 582 573 574
f 573 582 581
f 588 581 582
f 581 588 587
f 584 587 588
f 587 584 583
f 576 583 584
f 583 576 575
f 568 575 576
f 575 568 567
f 568 559 567
f 559 568 560
f 560 551 559
f 551 560 552
f 552 541 551
f 541 552 542
f 544 541 542
f 541 544 543
f 544 591 543
f 591 544 592
f 591 590 589
f 590 591 592
f 590 525 589
f 525 590 526
f 528 525 526
f 525 528 527
f 528 545 527
f 545 528 546
f 546 553 545
f 553 546 554
f 554 561 553
f 561 554 562
f 570 561 562
f 561 570 569
f 578 569 570
f 569 578 577
f 586 577 578
f 577 586 585
f 580 585 586
f 585 580 579
f 572 579 580
f 579 572 571
f 564 571 572
f 571 564 563
f 564 555 563
f 555 564 556
f 556 547 555
f 547 556 548
f 548 529 547
f 529 548 530
f 530 521 529
f 521 530 522
f 522 517 521
f 517 522 518
f 518 513 517
f 513 518 514
f 513 510 509
f 510 513 514
f 509 506 505
f 506 509 510
f 505 502 501
f 502 505 506
f 502 497 501
f 497 502 498
f 494 497 498
f 497 494 493
f 490 493 494
f 493 490 489
f 486 489 490
f 489 486 485
f 486 481 485
f 481 486 482
f 482 477 481
f 477 482 478
f 478 457 477
f 457 478 458
f 458 447 457
f 447 458 448
f 448 439 447
f 439 448 440
f 440 431 439
f 431 440 432
f 431 424 423
f 424 431 432
f 423 416 415
f 416 423 424
f 415 410 409
f 410 415 416
f 409 414 413
f 414 409 410
f 413 422 421
f 422 413 414
f 421 430 429
f 430 421 422
f 430 437 429
f 437 430 438
f 438 445 437
f 445 438 446
f 446 455 445
f 455 446 456
f 455 454 453
f 454 455 456
f 454 387 453
f 387 454 388
f 390 387 388
f 387 390 389
f 197 196 195
f 196 197 198
f 196 117 195
f 117 196 118
f 120 117 118
f 117 120 119
f 120 141 119
f 141 120 142
f 142 149 141
f 149 142 150
f 150 157 149
f 157 150 158
f 166 157 158
f 157 166 165
f 174 165 166
f 165 174 173
f 182 173 174
f 173 182 181
f 176 181 182
f 181 176 175
f 168 175 176
f 175 168 167
f 160 167 168
f 167 160 159
f 160 151 159
f 151 160 152
f 152 143 151
f 143 152 144
f 144 121 143
f 121 144 122
f 122 113 121
f 113 122 114
f 114 109 113
f 109 114 110
f 110 105 109
f 105 110 106
f 105 102 101
f 102 105 106
f 101 98 97
f 98 101 102
f 97 94 93
f 94 97 98
f 288 303 287
f 303 288 304
f 303 308 307
f 308 303 304
f 307 312 311
f 312 307 308
f 311 316 315
f 316 311 312
f 316 319 315
f 319 316 320
f 320 323 319
f 323 320 324
f 324 329 323
f 329 324 330
f 330 339 329
f 339 330 340
f 340 347 339
f 347 340 348
f 348 355 347
f 355 348 356
f 364 355 356
f 355 364 363
f 372 363 364
f 363 372 371
f 380 371 372
f 371 380 379
f 374 379 380
f 379 374 373
f 366 373 374
f 373 366 365
f 358 365 366
f 365 358 357
f 358 349 357
f 349 358 350
f 350 341 349
f 341 350 342
f 342 331 341
f 331 342 332
f 334 331 332
f 331 334 333
f 334 343 333
f 343 334 344
f 344 351 343
f 351 344 352
f 352 359 351
f 359 352 360
f 368 359 360
f 359 368 367
f 376 367 368
f 367 376 375
f 382 375 376
f 375 382 381
f 378 381 382
f 381 378 377
f 370 377 378
f 377 370 369
f 362 369 370
f 369 362 361
f 362 353 361
f 353 362 354
f 354 345 353
f 345 354 346
f 346 335 345
f 335 346 336
f 336 325 335
f 325 336 326
f 326 321 325
f 321 326 322
f 322 317 321
f 317 322 318
f 317 314 313
f 314 317 318
f 313 310 309
f 310 313 314
f 309 306 305
f 306 309 310
f 306 289 305
f 289 306 290
f 286 289 290
f 289 286 285
f 282 285 286
f 285 282 281
f 278 281 282
f 281 278 277
f 278 273 277
f 273 278 274
f 274 269 273
f 269 274 270
f 270 263 269
f 263 270 264
f 264 253 263
f 253 264 254
f 254 245 253
f 245 254 246
f 246 237 245
f 237 246 238
f 237 230 229
f 230 237 238
f 229 222 221
f 222 229 230
f 221 214 213
f 214 221 222
f 213 220 219
f 220 213 214
f 219 228 227
f 228 219 220
f 227 236 235
f 236 227 228
f 236 243 235
f 243 236 244
f 244 251 243
f 251 244 252
f 252 261 251
f 261 252 262
f 261 260 259
f 260 261 262
f 260 249 259
f 249 260 250
f 250 241 249
f 241 250 242
f 242 233 241
f 233 242 234
f 233 226 225
f 226 233 234
f 225 218 217
f 218 225 226
f 217 212 211
f 212 217 218
f 211 216 215
f 216 211 212
f 215 224 223
f 224 215 216
f 223 232 231
f 232 223 224
f 232 239 231
f 239 232 240
f 240 247 239
f 247 240 248
f 248 257 247
f 257 248 258
f 258 267 257
f 267 258 268
f 268 271 267
f 271 268 272
f 272 275 271
f 275 272 276
f 280 275 276
f 275 280 279
f 284 279 280
f 279 284 283
f 288 283 284
f 283 288 287
f 128 125 126
f 125 123 124
f 123 125 129
f 129 125 127
f 127 125 128
f 129 127 130
f 130 57 129
f 57 130 58
f 57 56 55
f 56 57 58
f 56 123 55
f 123 56 124
f 534 531 532
f 531 534 533
f 534 465 533
f 465 534 466
f 465 460 459
f 460 465 461
f 461 465 463
f 461 463 462
f 463 465 466
f 464 462 463
f 460 531 459
f 531 460 532
f 468 535 467
f 535 468 536
f 538 535 536
f 535 538 537
f 538 469 537
f 469 538 470
f 469 468 467
f 468 469 470
f 201 200 199
f 200 201 202
f 394 391 392
f 391 394 393
f 394 201 393
f 201 394 202
f 60 131 59
f 131 60 132
f 134 131 132
f 131 134 133
f 134 61 133
f 61 134 62
f 61 60 59
f 60 61 62
f 218 214 212
f 214 218 220
f 220 218 226
f 220 226 228
f 228 226 234
f 228 234 236
f 236 234 242
f 236 242 244
f 244 242 252
f 252 242 250
f 252 250 262
f 262 250 260
f 208 216 212
f 216 208 256
f 216 256 224
f 224 256 232
f 232 256 240
f 240 256 248
f 248 256 258
f 258 256 268
f 268 256 292
f 268 292 272
f 272 292 276
f 276 292 280
f 280 292 284
f 284 292 288
f 288 292 304
f 304 292 296
f 304 296 300
f 304 300 308
f 308 300 328
f 308 328 312
f 312 328 316
f 316 328 320
f 320 328 324
f 324 328 330
f 330 328 340
f 340 328 384
f 340 384 348
f 348 384 356
f 356 384 364
f 364 384 372
f 372 384 380
f 380 384 382
f 188 190 186
f 190 188 192
f 190 192 194
f 194 192 210
f 210 192 208
f 210 208 214
f 210 214 222
f 210 222 266
f 214 208 212
f 266 222 230
f 266 230 238
f 266 238 246
f 266 246 254
f 266 254 264
f 266 264 294
f 294 264 270
f 294 270 274
f 294 274 278
f 294 278 282
f 294 282 286
f 294 286 290
f 294 290 306
f 294 306 298
f 298 306 302
f 302 306 310
f 302 310 338
f 338 310 314
f 338 314 318
f 338 318 322
f 338 322 326
f 338 326 336
f 338 336 346
f 338 346 386
f 386 346 354
f 386 354 362
f 386 362 370
f 386 370 378
f 386 378 382
f 386 382 384
f 386 384 400
f 386 400 402
f 402 400 404
f 402 404 406
f 406 404 408
f 342 334 332
f 334 342 344
f 344 342 350
f 344 350 352
f 352 350 358
f 352 358 360
f 360 358 366
f 360 366 368
f 368 366 374
f 368 374 376
f 376 374 380
f 376 380 382
f 266 293 265
f 293 266 294
f 210 265 209
f 265 210 266
f 210 193 194
f 193 210 209
f 194 189 190
f 189 194 193
f 190 185 186
f 185 190 189
f 186 187 188
f 187 186 185
f 188 191 192
f 191 188 187
f 192 207 208
f 207 192 191
f 256 207 255
f 207 256 208
f 292 255 291
f 255 292 256
f 296 291 295
f 291 296 292
f 300 295 299
f 295 300 296
f 328 299 327
f 299 328 300
f 384 327 383
f 327 384 328
f 399 384 383
f 384 399 400
f 403 400 399
f 400 403 404
f 407 404 403
f 404 407 408
f 405 408 407
f 408 405 406
f 401 406 405
f 406 401 402
f 385 402 401
f 402 385 386
f 338 385 337
f 385 338 386
f 302 337 301
f 337 302 338
f 298 301 297
f 301 298 302
f 294 297 293
f 297 294 298
f 462 128 126
f 128 462 464
f 128 200 127
f 200 128 392
f 392 128 463
f 463 128 464
f 200 391 199
f 391 200 392
f 462 390 461
f 390 462 198
f 198 462 125
f 125 462 126
f 390 197 389
f 197 390 198
g body_side_wall

v 2.721500 0.600000 0.000000
v 2.721500 0.600000 0.300000
v 2.721500 2.900000 0.000000
v 2.721500 2.900000 0.300000
v 2.731722 0.522354 0.000000
v 2.731722 0.522354 0.300000
v 2.731722 0.677646 0.000000
v 2.731722 0.677646 0.300000
v 2.731722 2.822354 0.000000
v 2.731722 2.822354 0.300000
v 2.731722 2.977646 0.000000
v 2.731722 2.977646 0.300000
v 2.761692 0.450000 0.000000
v 2.761692 0.450000 0.300000
v 2.761692 0.750000 0.000000
v 2.761692 0.750000 0.300000
v 2.761692 2.750000 0.000000
v 2.761692 2.750000 0.300000
v 2.761692 3.050000 0.000000
v 2.761692 3.050000 0.300000
v 2.799000 0.600000 0.300000
v 2.799000 0.600000 0.440000
v 2.799000 2.900000 0.300000
v 2.799000 2.900000 0.440000
v 2.806581 0.542413 0.300000
v 2.806581 0.542413 0.440000
v 2.806581 0.657587 0.300000
v 2.806581 0.657587 0.440000
v 2.806581 2.842413 0.300000
v 2.806581 2.842413 0.440000
v 2.806581 2.957587 0.300000
v 2.806581 2.957587 0.440000
v 2.809368 0.387868 0.000000
v 2.809368 0.387868 0.300000
v 2.809368 0.812132 0.000000
v 2.809368 0.812132 0.300000
v 2.809368 2.687868 0.000000
v 2.809368 2.687868 0.300000
v 2.809368 3.112132 0.000000
v 2.809368 3.112132 0.300000
v 2.828809 0.488750 0.300000
v 2.828809 0.488750 0.440000
v 2.828809 0.711250 0.300000
v 2.828809 0.711250 0.440000
v 2.828809 2.788750 0.300000
v 2.828809 2.788750 0.440000
v 2.828809 3.011250 0.300000
v 2.828809 3.011250 0.440000
v 2.864169 0.442669 0.300000
v 2.864169 0.442669 0.440000
v 2.864169 0.757331 0.300000
v 2.864169 0.757331 0.440000
v 2.864169 2.742669 0.300000
v 2.864169 2.742669 0.440000
v 2.864169 3.057331 0.300000
v 2.864169 3.057331 0.440000
v 2.871500 0.340192 0.000000
v 2.871500 0.340192 0.300000
v 2.871500 0.859808 0.000000
v 2.871500 0.859808 0.300000
v 2.871500 2.640192 0.000000
v 2.871500 2.640192 0.300000
v 2.871500 3.159808 0.000000
v 2.871500 3.159808 0.300000
v 2.910250 0.407309 0.300000
v 2.910250 0.407309 0.440000
v 2.910250 0.792691 0.300000
v 2.910250 0.792691 0.440000
v 2.910250 2.707309 0.300000
v 2.910250 2.707309 0.440000
v 2.910250 3.092691 0.300000
v 2.910250 3.092691 0.440000
v 2.931500 0.600000 0.000000
v 2.931500 0.600000 0.440000
v 2.931500 2.900000 0.000000
v 2.931500 2.900000 0.440000
v 2.934567 0.576706 0.000000
v 2.934567 0.576706 0.440000
v 2.934567 0.623294 0.000000
v 2.934567 0.623294 0.440000
v 2.934567 2.876706 0.000000
v 2.934567 2.876706 0.440000
v 2.934567 2.923294 0.000000
v 2.934567 2.923294 0.440000
v 2.943558 0.555000 0.000000
v 2.943558 0.555000 0.440000
v 2.943558 0.645000 0.000000
v 2.943558 0.645000 0.440000
v 2.943558 2.855000 0.000000
v 2.943558 2.855000 0.440000
v 2.943558 2.945000 0.000000
v 2.943558 2.945000 0.440000
v 2.943854 0.310222 0.000000
v 2.943854 0.310222 0.300000
v 2.943854 0.889778 0.000000
v 2.943854 0.889778 0.300000
v 2.943854 2.610222 0.000000
v 2.943854 2.610222 0.300000
v 2.943854 3.189778 0.000000
v 2.943854 3.189778 0.300000
v 2.957860 0.536360 0.000000
v 2.957860 0.536360 0.440000
v 2.957860 0.663640 0.000000
v 2.957860 0.663640 0.440000
v 2.957860 2.836360 0.000000
v 2.957860 2.836360 0.440000
v 2.957860 2.963640 0.000000
v 2.957860 2.963640 0.440000
v 2.963913 0.385082 0.300000
v 2.963913 0.385082 0.440000
v 2.963913 0.814919 0.300000
v 2.963913 0.814919 0.440000
v 2.963913 2.685082 0.300000
v 2.963913 2.685082 0.440000
v 2.963913 3.114919 0.300000
v 2.963913 3.114919 0.440000
v 2.976500 0.522058 0.000000
v 2.976500 0.522058 0.440000
v 2.976500 0.677942 0.000000
v 2.976500 0.677942 0.440000
v 2.976500 2.822058 0.000000
v 2.976500 2.822058 0.440000
v 2.976500 2.977942 0.000000
v 2.976500 2.977942 0.440000
v 2.998206 0.513067 0.000000
v 2.998206 0.513067 0.440000
v 2.998206 0.686933 0.000000
v 2.998206 0.686933 0.440000
v 2.998206 2.813067 0.000000
v 2.998206 2.813067 0.440000
v 2.998206 2.986933 0.000000
v 2.998206 2.986933 0.440000
v 3.021500 0.300000 0.000000
v 3.021500 0.300000 0.300000
v 3.021500 0.377500 0.300000
v 3.021500 0.377500 0.440000
v 3.021500 0.510000 0.000000
v 3.021500 0.510000 0.440000
v 3.021500 0.690000 0.000000
v 3.021500 0.690000 0.440000
v 3.021500 0.822500 0.300000
v 3.021500 0.822500 0.440000
v 3.021500 0.900000 0.000000
v 3.021500 0.900000 0.300000
v 3.021500 2.600000 0.000000
v 3.021500 2.600000 0.300000
v 3.021500 2.677500 0.300000
v 3.021500 2.677500 0.440000
v 3.021500 2.810000 0.000000
v 3.021500 2.810000 0.440000
v 3.021500 2.990000 0.000000
v 3.021500 2.990000 0.440000
v 3.021500 3.122500 0.300000
v 3.021500 3.122500 0.440000
v 3.021500 3.200000 0.000000
v 3.021500 3.200000 0.300000
v 3.044794 0.513067 0.000000
v 3.044794 0.513067 0.440000
v 3.044794 0.686933 0.000000
v 3.044794 0.686933 0.440000
v 3.044794 2.813067 0.000000
v 3.044794 2.813067 0.440000
v 3.044794 2.986933 0.000000
v 3.044794 2.986933 0.440000
v 3.066500 0.522058 0.000000
v 3.066500 0.522058 0.440000
v 3.066500 0.677942 0.000000
v 3.066500 0.677942 0.440000
v 3.066500 2.822058 0.000000
v 3.066500 2.822058 0.440000
v 3.066500 2.977942 0.000000
v 3.066500 2.977942 0.440000
v 3.079087 0.385082 0.300000
v 3.079087 0.385082 0.440000
v 3.079087 0.814919 0.300000
v 3.079087 0.814919 0.440000
v 3.079087 2.685082 0.300000
v 3.079087 2.685082 0.440000
v 3.079087 3.114919 0.300000
v 3.079087 3.114919 0.440000
v 3.085140 0.536360 0.000000
v 3.085140 0.536360 0.440000
v 3.085140 0.663640 0.000000
v 3.085140 0.663640 0.440000
v 3.085140 2.836360 0.000000
v 3.085140 2.836360 0.440000
v 3.085140 2.963640 0.000000
v 3.085140 2.963640 0.440000
v 3.099442 0.555000 0.000000
v 3.099442 0.555000 0.440000
v 3.099442 0.645000 0.000000
v 3.099442 0.645000 0.440000
v 3.099442 2.855000 0.000000
v 3.099442 2.855000 0.440000
v 3.099442 2.945000 0.000000
v 3.099442 2.945000 0.440000
v 3.099816 0.905133 0.000000
v 3.099816 0.905133 0.300000
v 3.099816 2.594867 0.000000
v 3.099816 2.594867 0.300000
v 3.108433 0.576706 0.000000
v 3.108433 0.576706 0.440000
v 3.108433 0.623294 0.000000
v 3.108433 0.623294 0.440000
v 3.108433 2.876706 0.000000
v 3.108433 2.876706 0.440000
v 3.108433 2.923294 0.000000
v 3.108433 2.923294 0.440000
v 3.111500 0.600000 0.000000
v 3.111500 0.600000 0.440000
v 3.111500 2.900000 0.000000
v 3.111500 2.900000 0.440000
v 3.132750 0.407309 0.300000
v 3.132750 0.407309 0.440000
v 3.132750 0.792691 0.300000
v 3.132750 0.792691 0.440000
v 3.132750 2.707309 0.300000
v 3.132750 2.707309 0.440000
v 3.132750 3.092691 0.300000
v 3.132750 3.092691 0.440000
v 3.176791 0.920445 0.000000
v 3.176791 0.920445 0.300000
v 3.176791 2.579556 0.000000
v 3.176791 2.579556 0.300000
v 3.178831 0.442669 0.300000
v 3.178831 0.442669 0.440000
v 3.178831 0.757331 0.300000
v 3.178831 0.757331 0.440000
v 3.178831 2.742669 0.300000
v 3.178831 2.742669 0.440000
v 3.178831 3.057331 0.300000
v 3.178831 3.057331 0.440000
v 3.214191 0.488750 0.300000
v 3.214191 0.488750 0.440000
v 3.214191 0.711250 0.300000
v 3.214191 0.711250 0.440000
v 3.214191 2.788750 0.300000
v 3.214191 2.788750 0.440000
v 3.214191 3.011250 0.300000
v 3.214191 3.011250 0.440000
v 3.236418 0.542413 0.300000
v 3.236418 0.542413 0.440000
v 3.236418 0.657587 0.300000
v 3.236418 0.657587 0.440000
v 3.236418 2.842413 0.300000
v 3.236418 2.842413 0.440000
v 3.236418 2.957587 0.300000
v 3.236418 2.957587 0.440000
v 3.244000 0.600000 0.300000
v 3.244000 0.600000 0.440000
v 3.244000 2.900000 0.300000
v 3.244000 2.900000 0.440000
v 3.250000 0.300000 0.000000
v 3.250000 0.300000 0.300000
v 3.250000 3.200000 0.000000
v 3.250000 3.200000 0.300000
v 3.251110 0.945672 0.000000
v 3.251110 0.945672 0.300000
v 3.251110 2.554328 0.000000
v 3.251110 2.554328 0.300000
v 3.251704 0.312941 0.000000
v 3.251704 0.312941 0.300000
v 3.251704 3.187059 0.000000
v 3.251704 3.187059 0.300000
v 3.256699 0.325000 0.000000
v 3.256699 0.325000 0.300000
v 3.256699 3.175000 0.000000
v 3.256699 3.175000 0.300000
v 3.264645 0.335355 0.000000
v 3.264645 0.335355 0.300000
v 3.264645 3.164645 0.000000
v 3.264645 3.164645 0.300000
v 3.275000 0.343301 0.000000
v 3.275000 0.343301 0.300000
v 3.275000 3.156699 0.000000
v 3.275000 3.156699 0.300000
v 3.287059 0.348296 0.000000
v 3.287059 0.348296 0.300000
v 3.287059 3.151704 0.000000
v 3.287059 3.151704 0.300000
v 3.300000 0.250000 0.000000
v 3.300000 0.250000 0.400000
v 3.300000 0.000000 0.000000
v 3.300000 0.000000 0.400000
v 3.300000 0.350000 0.000000
v 3.300000 0.350000 0.300000
v 3.300000 3.250000 0.000000
v 3.300000 3.250000 0.400000
v 3.300000 3.500000 0.000000
v 3.300000 3.500000 0.400000
v 3.300000 3.150000 0.000000
v 3.300000 3.150000 0.300000
v 3.312941 0.251704 0.000000
v 3.312941 0.251704 0.400000
v 3.312941 0.348296 0.000000
v 3.312941 0.348296 0.300000
v 3.312941 3.151704 0.000000
v 3.312941 3.151704 0.300000
v 3.312941 3.248296 0.000000
v 3.312941 3.248296 0.400000
v 3.321500 0.980385 0.000000
v 3.321500 0.980385 0.300000
v 3.321500 2.519615 0.000000
v 3.321500 2.519615 0.300000
v 3.325000 0.256699 0.000000
v 3.325000 0.256699 0.400000
v 3.325000 0.343301 0.000000
v 3.325000 0.343301 0.300000
v 3.325000 3.156699 0.000000
v 3.325000 3.156699 0.300000
v 3.325000 3.243301 0.000000
v 3.325000 3.243301 0.400000
v 3.335355 0.264645 0.000000
v 3.335355 0.264645 0.400000
v 3.335355 0.335355 0.000000
v 3.335355 0.335355 0.300000
v 3.335355 3.164645 0.000000
v 3.335355 3.164645 0.300000
v 3.335355 3.235355 0.000000
v 3.335355 3.235355 0.400000
v 3.343301 0.275000 0.000000
v 3.343301 0.275000 0.400000
v 3.343301 0.325000 0.000000
v 3.343301 0.325000 0.300000
v 3.343301 3.175000 0.000000
v 3.343301 3.175000 0.300000
v 3.343301 3.225000 0.000000
v 3.343301 3.225000 0.400000
v 3.348296 0.287059 0.000000
v 3.348296 0.287059 0.400000
v 3.348296 0.312941 0.000000
v 3.348296 0.312941 0.300000
v 3.348296 3.187059 0.000000
v 3.348296 3.187059 0.300000
v 3.348296 3.212941 0.000000
v 3.348296 3.212941 0.400000
v 3.350000 0.300000 0.000000
v 3.350000 0.300000 0.300000
v 3.350000 0.300000 0.400000
v 3.350000 3.200000 0.000000
v 3.350000 3.200000 0.300000
v 3.350000 3.200000 0.400000
v 3.386757 1.023988 0.000000
v 3.386757 1.023988 0.300000
v 3.386757 2.476012 0.000000
v 3.386757 2.476012 0.300000
v 3.445764 1.075736 0.000000
v 3.445764 1.075736 0.300000
v 3.445764 2.424264 0.000000
v 3.445764 2.424264 0.300000
v 3.497512 1.134743 0.000000
v 3.497512 1.134743 0.300000
v 3.497512 2.365257 0.000000
v 3.497512 2.365257 0.300000
v 3.541115 1.200000 0.000000
v 3.541115 1.200000 0.300000
v 3.541115 2.300000 0.000000
v 3.541115 2.300000 0.300000
v 3.541500 0.300000 0.000000
v 3.541500 0.300000 0.300000
v 3.541500 0.600000 0.000000
v 3.541500 0.600000 0.300000
v 3.541500 2.900000 0.000000
v 3.541500 2.900000 0.300000
v 3.541500 3.200000 0.000000
v 3.541500 3.200000 0.300000
v 3.575828 1.270390 0.000000
v 3.575828 1.270390 0.300000
v 3.575828 2.229610 0.000000
v 3.575828 2.229610 0.300000
v 3.601056 1.344709 0.000000
v 3.601056 1.344709 0.300000
v 3.601056 2.155291 0.000000
v 3.601056 2.155291 0.300000
v 3.616367 1.421684 0.000000
v 3.616367 1.421684 0.300000
v 3.616367 2.078316 0.000000
v 3.616367 2.078316 0.300000
v 3.621500 1.500000 0.000000
v 3.621500 1.500000 0.300000
v 3.621500 2.000000 0.000000
v 3.621500 2.000000 0.300000
v 3.650000 0.300000 0.000000
v 3.650000 0.300000 0.400000
v 3.650000 3.200000 0.000000
v 3.650000 3.200000 0.400000
v 3.651704 0.287059 0.000000
v 3.651704 0.287059 0.400000
v 3.651704 3.212941 0.000000
v 3.651704 3.212941 0.400000
v 3.656699 0.275000 0.000000
v 3.656699 0.275000 0.400000
v 3.656699 3.225000 0.000000
v 3.656699 3.225000 0.400000
v 3.664645 0.264645 0.000000
v 3.664645 0.264645 0.400000
v 3.664645 3.235355 0.000000
v 3.664645 3.235355 0.400000
v 3.675000 0.256699 0.000000
v 3.675000 0.256699 0.400000
v 3.675000 3.243301 0.000000
v 3.675000 3.243301 0.400000
v 3.687059 0.251704 0.000000
v 3.687059 0.251704 0.400000
v 3.687059 3.248296 0.000000
v 3.687059 3.248296 0.400000
v 3.700000 0.000000 0.000000
v 3.700000 0.000000 0.400000
v 3.700000 0.250000 0.000000
v 3.700000 0.250000 0.400000
v 3.700000 3.250000 0.000000
v 3.700000 3.250000 0.400000
v 3.700000 3.500000 0.000000
v 3.700000 3.500000 0.400000
v 3.821500 1.750000 0.000000
v 3.821500 1.750000 0.300000
v 3.824349 1.688630 0.000000
v 3.824349 1.688630 0.300000
v 3.824349 1.811370 0.000000
v 3.824349 1.811370 0.300000
v 3.832870 1.627788 0.000000
v 3.832870 1.627788 0.300000
v 3.832870 1.872212 0.000000
v 3.832870 1.872212 0.300000
v 3.846990 1.567997 0.000000
v 3.846990 1.567997 0.300000
v 3.846990 1.932003 0.000000
v 3.846990 1.932003 0.300000
v 3.866589 1.509771 0.000000
v 3.866589 1.509771 0.300000
v 3.866589 1.990229 0.000000
v 3.866589 1.990229 0.300000
v 3.891497 1.453611 0.000000
v 3.891497 1.453611 0.300000
v 3.891497 2.046389 0.000000
v 3.891497 2.046389 0.300000
v 3.921500 1.400000 0.000000
v 3.921500 1.400000 0.300000
v 3.921500 2.100000 0.000000
v 3.921500 2.100000 0.300000
v 3.971500 0.900000 0.000000
v 3.971500 0.900000 0.300000
v 3.971500 1.200000 0.000000
v 3.971500 1.200000 0.300000
v 3.971500 2.300000 0.000000
v 3.971500 2.300000 0.300000
v 3.971500 2.600000 0.000000
v 3.971500 2.600000 0.300000
v 3.973204 0.887059 0.000000
v 3.973204 0.887059 0.300000
v 3.973204 0.912941 0.000000
v 3.973204 0.912941 0.300000
v 3.973204 1.187059 0.000000
v 3.973204 1.187059 0.300000
v 3.973204 1.212941 0.000000
v 3.973204 1.212941 0.300000
v 3.973204 2.287059 0.000000
v 3.973204 2.287059 0.300000
v 3.973204 2.312941 0.000000
v 3.973204 2.312941 0.300000
v 3.973204 2.587059 0.000000
v 3.973204 2.587059 0.300000
v 3.973204 2.612941 0.000000
v 3.973204 2.612941 0.300000
v 3.978199 0.875000 0.000000
v 3.978199 0.875000 0.300000
v 3.978199 0.925000 0.000000
v 3.978199 0.925000 0.300000
v 3.978199 1.175000 0.000000
v 3.978199 1.175000 0.300000
v 3.978199 1.225000 0.000000
v 3.978199 1.225000 0.300000
v 3.978199 2.275000 0.000000
v 3.978199 2.275000 0.300000
v 3.978199 2.325000 0.000000
v 3.978199 2.325000 0.300000
v 3.978199 2.575000 0.000000
v 3.978199 2.575000 0.300000
v 3.978199 2.625000 0.000000
v 3.978199 2.625000 0.300000
v 3.986145 0.864645 0.000000
v 3.986145 0.864645 0.300000
v 3.986145 0.935355 0.000000
v 3.986145 0.935355 0.300000
v 3.986145 1.164645 0.000000
v 3.986145 1.164645 0.300000
v 3.986145 1.235355 0.000000
v 3.986145 1.235355 0.300000
v 3.986145 2.264645 0.000000
v 3.986145 2.264645 0.300000
v 3.986145 2.335355 0.000000
v 3.986145 2.335355 0.300000
v 3.986145 2.564645 0.000000
v 3.986145 2.564645 0.300000
v 3.986145 2.635355 0.000000
v 3.986145 2.635355 0.300000
v 3.996500 0.856699 0.000000
v 3.996500 0.856699 0.300000
v 3.996500 0.943301 0.000000
v 3.996500 0.943301 0.300000
v 3.996500 1.156699 0.000000
v 3.996500 1.156699 0.300000
v 3.996500 1.243301 0.000000
v 3.996500 1.243301 0.300000
v 3.996500 2.256699 0.000000
v 3.996500 2.256699 0.300000
v 3.996500 2.343301 0.000000
v 3.996500 2.343301 0.300000
v 3.996500 2.556699 0.000000
v 3.996500 2.556699 0.300000
v 3.996500 2.643301 0.000000
v 3.996500 2.643301 0.300000
v 4.008559 0.851704 0.000000
v 4.008559 0.851704 0.300000
v 4.008559 0.948296 0.000000
v 4.008559 0.948296 0.300000
v 4.008559 1.151704 0.000000
v 4.008559 1.151704 0.300000
v 4.008559 1.248296 0.000000
v 4.008559 1.248296 0.300000
v 4.008559 2.251704 0.000000
v 4.008559 2.251704 0.300000
v 4.008559 2.348296 0.000000
v 4.008559 2.348296 0.300000
v 4.008559 2.551704 0.000000
v 4.008559 2.551704 0.300000
v 4.008559 2.648296 0.000000
v 4.008559 2.648296 0.300000
v 4.021500 0.850000 0.000000
v 4.021500 0.850000 0.300000
v 4.021500 0.950000 0.000000
v 4.021500 0.950000 0.300000
v 4.021500 1.150000 0.000000
v 4.021500 1.150000 0.300000
v 4.021500 1.250000 0.000000
v 4.021500 1.250000 0.300000
v 4.021500 2.250000 0.000000
v 4.021500 2.250000 0.300000
v 4.021500 2.350000 0.000000
v 4.021500 2.350000 0.300000
v 4.021500 2.550000 0.000000
v 4.021500 2.550000 0.300000
v 4.021500 2.650000 0.000000
v 4.021500 2.650000 0.300000
v 4.034441 0.851704 0.000000
v 4.034441 0.851704 0.300000
v 4.034441 1.248296 0.000000
v 4.034441 1.248296 0.300000
v 4.034441 2.251704 0.000000
v 4.034441 2.251704 0.300000
v 4.034441 2.648296 0.000000
v 4.034441 2.648296 0.300000
v 4.046500 0.856699 0.000000
v 4.046500 0.856699 0.300000
v 4.046500 1.243301 0.000000
v 4.046500 1.243301 0.300000
v 4.046500 2.256699 0.000000
v 4.046500 2.256699 0.300000
v 4.046500 2.643301 0.000000
v 4.046500 2.643301 0.300000
v 4.056855 0.864645 0.000000
v 4.056855 0.864645 0.300000
v 4.056855 1.235355 0.000000
v 4.056855 1.235355 0.300000
v 4.056855 2.264645 0.000000
v 4.056855 2.264645 0.300000
v 4.056855 2.635355 0.000000
v 4.056855 2.635355 0.300000
v 4.064801 0.875000 0.000000
v 4.064801 0.875000 0.300000
v 4.064801 1.225000 0.000000
v 4.064801 1.225000 0.300000
v 4.064801 2.275000 0.000000
v 4.064801 2.275000 0.300000
v 4.064801 2.625000 0.000000
v 4.064801 2.625000 0.300000
v 4.069796 0.887059 0.000000
v 4.069796 0.887059 0.300000
v 4.069796 1.212941 0.000000
v 4.069796 1.212941 0.300000
v 4.069796 2.287059 0.000000
v 4.069796 2.287059 0.300000
v 4.069796 2.612941 0.000000
v 4.069796 2.612941 0.300000
v 4.071500 0.900000 0.000000
v 4.071500 0.900000 0.300000
v 4.071500 1.200000 0.000000
v 4.071500 1.200000 0.300000
v 4.071500 2.300000 0.000000
v 4.071500 2.300000 0.300000
v 4.071500 2.600000 0.000000
v 4.071500 2.600000 0.300000
v 4.371500 0.900000 0.000000
v 4.371500 0.900000 0.300000
v 4.371500 1.200000 0.000000
v 4.371500 1.200000 0.300000
v 4.371500 2.300000 0.000000
v 4.371500 2.300000 0.300000
v 4.371500 2.600000 0.000000
v 4.371500 2.600000 0.300000
v 4.373204 0.887059 0.000000
v 4.373204 0.887059 0.300000
v 4.373204 1.212941 0.000000
v 4.373204 1.212941 0.300000
v 4.373204 2.287059 0.000000
v 4.373204 2.287059 0.300000
v 4.373204 2.612941 0.000000
v 4.373204 2.612941 0.300000
v 4.378199 0.875000 0.000000
v 4.378199 0.875000 0.300000
v 4.378199 1.225000 0.000000
v 4.378199 1.225000 0.300000
v 4.378199 2.275000 0.000000
v 4.378199 2.275000 0.300000
v 4.378199 2.625000 0.000000
v 4.378199 2.625000 0.300000
v 4.386145 0.864645 0.000000
v 4.386145 0.864645 0.300000
v 4.386145 1.235355 0.000000
v 4.386145 1.235355 0.300000
v 4.386145 2.264645 0.000000
v 4.386145 2.264645 0.300000
v 4.386145 2.635355 0.000000
v 4.386145 2.635355 0.300000
v 4.396500 0.856699 0.000000
v 4.396500 0.856699 0.300000
v 4.396500 1.243301 0.000000
v 4.396500 1.243301 0.300000
v 4.396500 2.256699 0.000000
v 4.396500 2.256699 0.300000
v 4.396500 2.643301 0.000000
v 4.396500 2.643301 0.300000
v 4.408559 0.851704 0.000000
v 4.408559 0.851704 0.300000
v 4.408559 1.248296 0.000000
v 4.408559 1.248296 0.300000
v 4.408559 2.251704 0.000000
v 4.408559 2.251704 0.300000
v 4.408559 2.648296 0.000000
v 4.408559 2.648296 0.300000
v 4.421500 0.850000 0.000000
v 4.421500 0.850000 0.300000
v 4.421500 0.950000 0.000000
v 4.421500 0.950000 0.300000
v 4.421500 1.150000 0.000000
v 4.421500 1.150000 0.300000
v 4.421500 1.250000 0.000000
v 4.421500 1.250000 0.300000
v 4.421500 2.250000 0.000000
v 4.421500 2.250000 0.300000
v 4.421500 2.350000 0.000000
v 4.421500 2.350000 0.300000
v 4.421500 2.550000 0.000000
v 4.421500 2.550000 0.300000
v 4.421500 2.650000 0.000000
v 4.421500 2.650000 0.300000
v 4.434441 0.851704 0.000000
v 4.434441 0.851704 0.300000
v 4.434441 0.948296 0.000000
v 4.434441 0.948296 0.300000
v 4.434441 1.151704 0.000000
v 4.434441 1.151704 0.300000
v 4.434441 1.248296 0.000000
v 4.434441 1.248296 0.300000
v 4.434441 2.251704 0.000000
v 4.434441 2.251704 0.300000
v 4.434441 2.348296 0.000000
v 4.434441 2.348296 0.300000
v 4.434441 2.551704 0.000000
v 4.434441 2.551704 0.300000
v 4.434441 2.648296 0.000000
v 4.434441 2.648296 0.300000
v 4.446500 0.856699 0.000000
v 4.446500 0.856699 0.300000
v 4.446500 0.943301 0.000000
v 4.446500 0.943301 0.300000
v 4.446500 1.156699 0.000000
v 4.446500 1.156699 0.300000
v 4.446500 1.243301 0.000000
v 4.446500 1.243301 0.300000
v 4.446500 2.256699 0.000000
v 4.446500 2.256699 0.300000
v 4.446500 2.343301 0.000000
v 4.446500 2.343301 0.300000
v 4.446500 2.556699 0.000000
v 4.446500 2.556699 0.300000
v 4.446500 2.643301 0.000000
v 4.446500 2.643301 0.300000
v 4.456855 0.864645 0.000000
v 4.456855 0.864645 0.300000
v 4.456855 0.935355 0.000000
v 4.456855 0.935355 0.300000
v 4.456855 1.164645 0.000000
v 4.456855 1.164645 0.300000
v 4.456855 1.235355 0.000000
v 4.456855 1.235355 0.300000
v 4.456855 2.264645 0.000000
v 4.456855 2.264645 0.300000
v 4.456855 2.335355 0.000000
v 4.456855 2.335355 0.300000
v 4.456855 2.564645 0.000000
v 4.456855 2.564645 0.300000
v 4.456855 2.635355 0.000000
v 4.456855 2.635355 0.300000
v 4.464801 0.875000 0.000000
v 4.464801 0.875000 0.300000
v 4.464801 0.925000 0.000000
v 4.464801 0.925000 0.300000
v 4.464801 1.175000 0.000000
v 4.464801 1.175000 0.300000
v 4.464801 1.225000 0.000000
v 4.464801 1.225000 0.300000
v 4.464801 2.275000 0.000000
v 4.464801 2.275000 0.300000
v 4.464801 2.325000 0.000000
v 4.464801 2.325000 0.300000
v 4.464801 2.575000 0.000000
v 4.464801 2.575000 0.300000
v 4.464801 2.625000 0.000000
v 4.464801 2.625000 0.300000
v 4.469796 0.887059 0.000000
v 4.469796 0.887059 0.300000
v 4.469796 0.912941 0.000000
v 4.469796 0.912941 0.300000
v 4.469796 1.187059 0.000000
v 4.469796 1.187059 0.300000
v 4.469796 1.212941 0.000000
v 4.469796 1.212941 0.300000
v 4.469796 2.287059 0.000000
v 4.469796 2.287059 0.300000
v 4.469796 2.312941 0.000000
v 4.469796 2.312941 0.300000
v 4.469796 2.587059 0.000000
v 4.469796 2.587059 0.300000
v 4.469796 2.612941 0.000000
v 4.469796 2.612941 0.300000
v 4.471500 0.900000 0.000000
v 4.471500 0.900000 0.300000
v 4.471500 1.200000 0.000000
v 4.471500 1.200000 0.300000
v 4.471500 2.300000 0.000000
v 4.471500 2.300000 0.300000
v 4.471500 2.600000 0.000000
v 4.471500 2.600000 0.300000
v 4.632250 1.400000 0.000000
v 4.632250 1.400000 0.300000
v 4.632250 2.100000 0.000000
v 4.632250 2.100000 0.300000
v 4.662253 1.453611 0.000000
v 4.662253 1.453611 0.300000
v 4.662253 2.046389 0.000000
v 4.662253 2.046389 0.300000
v 4.687161 1.509771 0.000000
v 4.687161 1.509771 0.300000
v 4.687161 1.990229 0.000000
v 4.687161 1.990229 0.300000
v 4.706760 1.567997 0.000000
v 4.706760 1.567997 0.300000
v 4.706760 1.932003 0.000000
v 4.706760 1.932003 0.300000
v 4.720880 1.627788 0.000000
v 4.720880 1.627788 0.300000
v 4.720880 1.872212 0.000000
v 4.720880 1.872212 0.300000
v 4.729401 1.688630 0.000000
v 4.729401 1.688630 0.300000
v 4.729401 1.811370 0.000000
v 4.729401 1.811370 0.300000
v 4.732250 1.750000 0.000000
v 4.732250 1.750000 0.300000
v 5.032250 1.750000 0.000000
v 5.032250 1.750000 0.300000
v 5.035099 1.688630 0.000000
v 5.035099 1.688630 0.300000
v 5.035099 1.811370 0.000000
v 5.035099 1.811370 0.300000
v 5.043620 1.627788 0.000000
v 5.043620 1.627788 0.300000
v 5.043620 1.872212 0.000000
v 5.043620 1.872212 0.300000
v 5.057740 1.567997 0.000000
v 5.057740 1.567997 0.300000
v 5.057740 1.932003 0.000000
v 5.057740 1.932003 0.300000
v 5.077339 1.509771 0.000000
v 5.077339 1.509771 0.300000
v 5.077339 1.990229 0.000000
v 5.077339 1.990229 0.300000
v 5.102247 1.453611 0.000000
v 5.102247 1.453611 0.300000
v 5.102247 2.046389 0.000000
v 5.102247 2.046389 0.300000
v 5.132250 1.400000 0.000000
v 5.132250 1.400000 0.300000
v 5.132250 2.100000 0.000000
v 5.132250 2.100000 0.300000
v 5.471500 0.900000 0.000000
v 5.471500 0.900000 0.300000
v 5.471500 1.200000 0.000000
v 5.471500 1.200000 0.300000
v 5.471500 2.300000 0.000000
v 5.471500 2.300000 0.300000
v 5.471500 2.600000 0.000000
v 5.471500 2.600000 0.300000
v 5.473204 0.887059 0.000000
v 5.473204 0.887059 0.300000
v 5.473204 0.912941 0.000000
v 5.473204 0.912941 0.300000
v 5.473204 1.187059 0.000000
v 5.473204 1.187059 0.300000
v 5.473204 1.212941 0.000000
v 5.473204 1.212941 0.300000
v 5.473204 2.287059 0.000000
v 5.473204 2.287059 0.300000
v 5.473204 2.312941 0.000000
v 5.473204 2.312941 0.300000
v 5.473204 2.587059 0.000000
v 5.473204 2.587059 0.300000
v 5.473204 2.612941 0.000000
v 5.473204 2.612941 0.300000
v 5.478199 0.875000 0.000000
v 5.478199 0.875000 0.300000
v 5.478199 0.925000 0.000000
v 5.478199 0.925000 0.300000
v 5.478199 1.175000 0.000000
v 5.478199 1.175000 0.300000
v 5.478199 1.225000 0.000000
v 5.478199 1.225000 0.300000
v 5.478199 2.275000 0.000000
v 5.478199 2.275000 0.300000
v 5.478199 2.325000 0.000000
v 5.478199 2.325000 0.300000
v 5.478199 2.575000 0.000000
v 5.478199 2.575000 0.300000
v 5.478199 2.625000 0.000000
v 5.478199 2.625000 0.300000
v 5.486145 0.864645 0.000000
v 5.486145 0.864645 0.300000
v 5.486145 0.935355 0.000000
v 5.486145 0.935355 0.300000
v 5.486145 1.164645 0.000000
v 5.486145 1.164645 0.300000
v 5.486145 1.235355 0.000000
v 5.486145 1.235355 0.300000
v 5.486145 2.264645 0.000000
v 5.486145 2.264645 0.300000
v 5.486145 2.335355 0.000000
v 5.486145 2.335355 0.300000
v 5.486145 2.564645 0.000000
v 5.486145 2.564645 0.300000
v 5.486145 2.635355 0.000000
v 5.486145 2.635355 0.300000
v 5.496500 0.856699 0.000000
v 5.496500 0.856699 0.300000
v 5.496500 0.943301 0.000000
v 5.496500 0.943301 0.300000
v 5.496500 1.156699 0.000000
v 5.496500 1.156699 0.300000
v 5.496500 1.243301 0.000000
v 5.496500 1.243301 0.300000
v 5.496500 2.256699 0.000000
v 5.496500 2.256699 0.300000
v 5.496500 2.343301 0.000000
v 5.496500 2.343301 0.300000
v 5.496500 2.556699 0.000000
v 5.496500 2.556699 0.300000
v 5.496500 2.643301 0.000000
v 5.496500 2.643301 0.300000
v 5.508559 0.851704 0.000000
v 5.508559 0.851704 0.300000
v 5.508559 0.948296 0.000000
v 5.508559 0.948296 0.300000
v 5.508559 1.151704 0.000000
v 5.508559 1.151704 0.300000
v 5.508559 1.248296 0.000000
v 5.508559 1.248296 0.300000
v 5.508559 2.251704 0.000000
v 5.508559 2.251704 0.300000
v 5.508559 2.348296 0.000000
v 5.508559 2.348296 0.300000
v 5.508559 2.551704 0.000000
v 5.508559 2.551704 0.300000
v 5.508559 2.648296 0.000000
v 5.508559 2.648296 0.300000
v 5.521500 0.850000 0.000000
v 5.521500 0.850000 0.300000
v 5.521500 0.950000 0.000000
v 5.521500 0.950000 0.300000
v 5.521500 1.150000 0.000000
v 5.521500 1.150000 0.300000
v 5.521500 1.250000 0.000000
v 5.521500 1.250000 0.300000
v 5.521500 2.250000 0.000000
v 5.521500 2.250000 0.300000
v 5.521500 2.350000 0.000000
v 5.521500 2.350000 0.300000
v 5.521500 2.550000 0.000000
v 5.521500 2.550000 0.300000
v 5.521500 2.650000 0.000000
v 5.521500 2.650000 0.300000
v 5.534441 0.851704 0.000000
v 5.534441 0.851704 0.300000
v 5.534441 1.248296 0.000000
v 5.534441 1.248296 0.300000
v 5.534441 2.251704 0.000000
v 5.534441 2.251704 0.300000
v 5.534441 2.648296 0.000000
v 5.534441 2.648296 0.300000
v 5.546500 0.856699 0.000000
v 5.546500 0.856699 0.300000
v 5.546500 1.243301 0.000000
v 5.546500 1.243301 0.300000
v 5.546500 2.256699 0.000000
v 5.546500 2.256699 0.300000
v 5.546500 2.643301 0.000000
v 5.546500 2.643301 0.300000
v 5.556855 0.864645 0.000000
v 5.556855 0.864645 0.300000
v 5.556855 1.235355 0.000000
v 5.556855 1.235355 0.300000
v 5.556855 2.264645 0.000000
v 5.556855 2.264645 0.300000
v 5.556855 2.635355 0.000000
v 5.556855 2.635355 0.300000
v 5.564801 0.875000 0.000000
v 5.564801 0.875000 0.300000
v 5.564801 1.225000 0.000000
v 5.564801 1.225000 0.300000
v 5.564801 2.275000 0.000000
v 5.564801 2.275000 0.300000
v 5.564801 2.625000 0.000000
v 5.564801 2.625000 0.300000
v 5.569796 0.887059 0.000000
v 5.569796 0.887059 0.300000
v 5.569796 1.212941 0.000000
v 5.569796 1.212941 0.300000
v 5.569796 2.287059 0.000000
v 5.569796 2.287059 0.300000
v 5.569796 2.612941 0.000000
v 5.569796 2.612941 0.300000
v 5.571500 0.900000 0.000000
v 5.571500 0.900000 0.300000
v 5.571500 1.200000 0.000000
v 5.571500 1.200000 0.300000
v 5.571500 2.300000 0.000000
v 5.571500 2.300000 0.300000
v 5.571500 2.600000 0.000000
v 5.571500 2.600000 0.300000
v 5.871500 0.900000 0.000000
v 5.871500 0.900000 0.300000
v 5.871500 1.200000 0.000000
v 5.871500 1.200000 0.300000
v 5.871500 2.300000 0.000000
v 5.871500 2.300000 0.300000
v 5.871500 2.600000 0.000000
v 5.871500 2.600000 0.300000
v 5.873204 0.887059 0.000000
v 5.873204 0.887059 0.300000
v 5.873204 1.212941 0.000000
v 5.873204 1.212941 0.300000
v 5.873204 2.287059 0.000000
v 5.873204 2.287059 0.300000
v 5.873204 2.612941 0.000000
v 5.873204 2.612941 0.300000
v 5.878199 0.875000 0.000000
v 5.878199 0.875000 0.300000
v 5.878199 1.225000 0.000000
v 5.878199 1.225000 0.300000
v 5.878199 2.275000 0.000000
v 5.878199 2.275000 0.300000
v 5.878199 2.625000 0.000000
v 5.878199 2.625000 0.300000
v 5.886145 0.864645 0.000000
v 5.886145 0.864645 0.300000
v 5.886145 1.235355 0.000000
v 5.886145 1.235355 0.300000
v 5.886145 2.264645 0.000000
v 5.886145 2.264645 0.300000
v 5.886145 2.635355 0.000000
v 5.886145 2.635355 0.300000
v 5.896500 0.856699 0.000000
v 5.896500 0.856699 0.300000
v 5.896500 1.243301 0.000000
v 5.896500 1.243301 0.300000
v 5.896500 2.256699 0.000000
v 5.896500 2.256699 0.300000
v 5.896500 2.643301 0.000000
v 5.896500 2.643301 0.300000
v 5.908559 0.851704 0.000000
v 5.908559 0.851704 0.300000
v 5.908559 1.248296 0.000000
v 5.908559 1.248296 0.300000
v 5.908559 2.251704 0.000000
v 5.908559 2.251704 0.300000
v 5.908559 2.648296 0.000000
v 5.908559 2.648296 0.300000
v 5.921500 0.850000 0.000000
v 5.921500 0.850000 0.300000
v 5.921500 0.950000 0.000000
v 5.921500 0.950000 0.300000
v 5.921500 1.150000 0.000000
v 5.921500 1.150000 0.300000
v 5.921500 1.250000 0.000000
v 5.921500 1.250000 0.300000
v 5.921500 2.250000 0.000000
v 5.921500 2.250000 0.300000
v 5.921500 2.350000 0.000000
v 5.921500 2.350000 0.300000
v 5.921500 2.550000 0.000000
v 5.921500 2.550000 0.300000
v 5.921500 2.650000 0.000000
v 5.921500 2.650000 0.300000
v 5.934441 0.851704 0.000000
v 5.934441 0.851704 0.300000
v 5.934441 0.948296 0.000000
v 5.934441 0.948296 0.300000
v 5.934441 1.151704 0.000000
v 5.934441 1.151704 0.300000
v 5.934441 1.248296 0.000000
v 5.934441 1.248296 0.300000
v 5.934441 2.251704 0.000000
v 5.934441 2.251704 0.300000
v 5.934441 2.348296 0.000000
v 5.934441 2.348296 0.300000
v 5.934441 2.551704 0.000000
v 5.934441 2.551704 0.300000
v 5.934441 2.648296 0.000000
v 5.934441 2.648296 0.300000
v 5.946500 0.856699 0.000000
v 5.946500 0.856699 0.300000
v 5.946500 0.943301 0.000000
v 5.946500 0.943301 0.300000
v 5.946500 1.156699 0.000000
v 5.946500 1.156699 0.300000
v 5.946500 1.243301 0.000000
v 5.946500 1.243301 0.300000
v 5.946500 2.256699 0.000000
v 5.946500 2.256699 0.300000
v 5.946500 2.343301 0.000000
v 5.946500 2.343301 0.300000
v 5.946500 2.556699 0.000000
v 5.946500 2.556699 0.300000
v 5.946500 2.643301 0.000000
v 5.946500 2.643301 0.300000
v 5.956855 0.864645 0.000000
v 5.956855 0.864645 0.300000
v 5.956855 0.935355 0.000000
v 5.956855 0.935355 0.300000
v 5.956855 1.164645 0.000000
v 5.956855 1.164645 0.300000
v 5.956855 1.235355 0.000000
v 5.956855 1.235355 0.300000
v 5.956855 2.264645 0.000000
v 5.956855 2.264645 0.300000
v 5.956855 2.335355 0.000000
v 5.956855 2.335355 0.300000
v 5.956855 2.564645 0.000000
v 5.956855 2.564645 0.300000
v 5.956855 2.635355 0.000000
v 5.956855 2.635355 0.300000
v 5.964801 0.875000 0.000000
v 5.964801 0.875000 0.300000
v 5.964801 0.925000 0.000000
v 5.964801 0.925000 0.300000
v 5.964801 1.175000 0.000000
v 5.964801 1.175000 0.300000
v 5.964801 1.225000 0.000000
v 5.964801 1.225000 0.300000
v 5.964801 2.275000 0.000000
v 5.964801 2.275000 0.300000
v 5.964801 2.325000 0.000000
v 5.964801 2.325000 0.300000
v 5.964801 2.575000 0.000000
v 5.964801 2.575000 0.300000
v 5.964801 2.625000 0.000000
v 5.964801 2.625000 0.300000
v 5.969796 0.887059 0.000000
v 5.969796 0.887059 0.300000
v 5.969796 0.912941 0.000000
v 5.969796 0.912941 0.300000
v 5.969796 1.187059 0.000000
v 5.969796 1.187059 0.300000
v 5.969796 1.212941 0.000000
v 5.969796 1.212941 0.300000
v 5.969796 2.287059 0.000000
v 5.969796 2.287059 0.300000
v 5.969796 2.312941 0.000000
v 5.969796 2.312941 0.300000
v 5.969796 2.587059 0.000000
v 5.969796 2.587059 0.300000
v 5.969796 2.612941 0.000000
v 5.969796 2.612941 0.300000
v 5.971500 0.900000 0.000000
v 5.971500 0.900000 0.300000
v 5.971500 1.200000 0.000000
v 5.971500 1.200000 0.300000
v 5.971500 2.300000 0.000000
v 5.971500 2.300000 0.300000
v 5.971500 2.600000 0.000000
v 5.971500 2.600000 0.300000
v 6.343000 1.400000 0.000000
v 6.343000 1.400000 0.300000
v 6.343000 2.100000 0.000000
v 6.343000 2.100000 0.300000
v 6.373003 1.453611 0.000000
v 6.373003 1.453611 0.300000
v 6.373003 2.046389 0.000000
v 6.373003 2.046389 0.300000
v 6.397911 1.509771 0.000000
v 6.397911 1.509771 0.300000
v 6.397911 1.990229 0.000000
v 6.397911 1.990229 0.300000
v 6.417510 1.567997 0.000000
v 6.417510 1.567997 0.300000
v 6.417510 1.932003 0.000000
v 6.417510 1.932003 0.300000
v 6.431630 1.627788 0.000000
v 6.431630 1.627788 0.300000
v 6.431630 1.872212 0.000000
v 6.431630 1.872212 0.300000
v 6.440151 1.688630 0.000000
v 6.440151 1.688630 0.300000
v 6.440151 1.811370 0.000000
v 6.440151 1.811370 0.300000
v 6.443000 1.750000 0.000000
v 6.443000 1.750000 0.300000
v 6.843000 1.750000 0.000000
v 6.843000 1.750000 0.300000
v 6.845849 1.688630 0.000000
v 6.845849 1.688630 0.300000
v 6.845849 1.811370 0.000000
v 6.845849 1.811370 0.300000
v 6.854370 1.627788 0.000000
v 6.854370 1.627788 0.300000
v 6.854370 1.872212 0.000000
v 6.854370 1.872212 0.300000
v 6.868490 1.567997 0.000000
v 6.868490 1.567997 0.300000
v 6.868490 1.932003 0.000000
v 6.868490 1.932003 0.300000
v 6.888089 1.509771 0.000000
v 6.888089 1.509771 0.300000
v 6.888089 1.990229 0.000000
v 6.888089 1.990229 0.300000
v 6.912997 1.453611 0.000000
v 6.912997 1.453611 0.300000
v 6.912997 2.046389 0.000000
v 6.912997 2.046389 0.300000
v 6.943000 1.400000 0.000000
v 6.943000 1.400000 0.300000
v 6.943000 2.100000 0.000000
v 6.943000 2.100000 0.300000
v 7.042737 1.284154 0.000000
v 7.042737 1.284154 0.300000
v 7.042737 2.215846 0.000000
v 7.042737 2.215846 0.300000
v 7.159298 1.185253 0.000000
v 7.159298 1.185253 0.300000
v 7.159298 2.314747 0.000000
v 7.159298 2.314747 0.300000
v 7.243000 0.300000 0.000000
v 7.243000 0.300000 0.300000
v 7.243000 0.600000 0.000000
v 7.243000 0.600000 0.300000
v 7.243000 2.900000 0.000000
v 7.243000 2.900000 0.300000
v 7.243000 3.200000 0.000000
v 7.243000 3.200000 0.300000
v 7.289837 1.105709 0.000000
v 7.289837 1.105709 0.300000
v 7.289837 2.394291 0.000000
v 7.289837 2.394291 0.300000
v 7.431171 1.047464 0.000000
v 7.431171 1.047464 0.300000
v 7.431171 2.452536 0.000000
v 7.431171 2.452536 0.300000
v 7.493000 0.300000 0.000000
v 7.493000 0.300000 0.300000
v 7.493000 3.200000 0.000000
v 7.493000 3.200000 0.300000
v 7.494704 0.312941 0.000000
v 7.494704 0.312941 0.300000
v 7.494704 3.187059 0.000000
v 7.494704 3.187059 0.300000
v 7.499699 0.325000 0.000000
v 7.499699 0.325000 0.300000
v 7.499699 3.175000 0.000000
v 7.499699 3.175000 0.300000
v 7.507645 0.335355 0.000000
v 7.507645 0.335355 0.300000
v 7.507645 3.164645 0.000000
v 7.507645 3.164645 0.300000
v 7.518000 0.343301 0.000000
v 7.518000 0.343301 0.300000
v 7.518000 3.156699 0.000000
v 7.518000 3.156699 0.300000
v 7.530059 0.348296 0.000000
v 7.530059 0.348296 0.300000
v 7.530059 3.151704 0.000000
v 7.530059 3.151704 0.300000
v 7.543000 0.000000 0.000000
v 7.543000 0.000000 0.400000
v 7.543000 0.250000 0.000000
v 7.543000 0.250000 0.400000
v 7.543000 0.350000 0.000000
v 7.543000 0.350000 0.300000
v 7.543000 3.150000 0.000000
v 7.543000 3.150000 0.300000
v 7.543000 3.250000 0.000000
v 7.543000 3.250000 0.400000
v 7.543000 3.500000 0.000000
v 7.543000 3.500000 0.400000
v 7.555941 0.251704 0.000000
v 7.555941 0.251704 0.400000
v 7.555941 0.348296 0.000000
v 7.555941 0.348296 0.300000
v 7.555941 3.151704 0.000000
v 7.555941 3.151704 0.300000
v 7.555941 3.248296 0.000000
v 7.555941 3.248296 0.400000
v 7.568000 0.256699 0.000000
v 7.568000 0.256699 0.400000
v 7.568000 0.343301 0.000000
v 7.568000 0.343301 0.300000
v 7.568000 3.156699 0.000000
v 7.568000 3.156699 0.300000
v 7.568000 3.243301 0.000000
v 7.568000 3.243301 0.400000
v 7.578355 0.264645 0.000000
v 7.578355 0.264645 0.400000
v 7.578355 0.335355 0.000000
v 7.578355 0.335355 0.300000
v 7.578355 3.164645 0.000000
v 7.578355 3.164645 0.300000
v 7.578355 3.235355 0.000000
v 7.578355 3.235355 0.400000
v 7.579852 1.011939 0.000000
v 7.579852 1.011939 0.300000
v 7.579852 2.488061 0.000000
v 7.579852 2.488061 0.300000
v 7.586301 0.275000 0.000000
v 7.586301 0.275000 0.400000
v 7.586301 0.325000 0.000000
v 7.586301 0.325000 0.300000
v 7.586301 3.175000 0.000000
v 7.586301 3.175000 0.300000
v 7.586301 3.225000 0.000000
v 7.586301 3.225000 0.400000
v 7.591296 0.287059 0.000000
v 7.591296 0.287059 0.400000
v 7.591296 0.312941 0.000000
v 7.591296 0.312941 0.300000
v 7.591296 3.187059 0.000000
v 7.591296 3.187059 0.300000
v 7.591296 3.212941 0.000000
v 7.591296 3.212941 0.400000
v 7.593000 0.300000 0.000000
v 7.593000 0.300000 0.300000
v 7.593000 0.300000 0.400000
v 7.593000 3.200000 0.000000
v 7.593000 3.200000 0.300000
v 7.593000 3.200000 0.400000
v 7.732250 1.000000 0.000000
v 7.732250 1.000000 0.300000
v 7.732250 2.500000 0.000000
v 7.732250 2.500000 0.300000
v 7.884649 1.011939 0.000000
v 7.884649 1.011939 0.300000
v 7.884649 2.488061 0.000000
v 7.884649 2.488061 0.300000
v 7.893000 0.300000 0.000000
v 7.893000 0.300000 0.300000
v 7.893000 0.300000 0.400000
v 7.893000 3.200000 0.000000
v 7.893000 3.200000 0.300000
v 7.893000 3.200000 0.400000
v 7.894704 0.287059 0.000000
v 7.894704 0.287059 0.400000
v 7.894704 0.312941 0.000000
v 7.894704 0.312941 0.300000
v 7.894704 3.187059 0.000000
v 7.894704 3.187059 0.300000
v 7.894704 3.212941 0.000000
v 7.894704 3.212941 0.400000
v 7.899699 0.275000 0.000000
v 7.899699 0.275000 0.400000
v 7.899699 0.325000 0.000000
v 7.899699 0.325000 0.300000
v 7.899699 3.175000 0.000000
v 7.899699 3.175000 0.300000
v 7.899699 3.225000 0.000000
v 7.899699 3.225000 0.400000
v 7.907645 0.264645 0.000000
v 7.907645 0.264645 0.400000
v 7.907645 0.335355 0.000000
v 7.907645 0.335355 0.300000
v 7.907645 3.164645 0.000000
v 7.907645 3.164645 0.300000
v 7.907645 3.235355 0.000000
v 7.907645 3.235355 0.400000
v 7.918000 0.256699 0.000000
v 7.918000 0.256699 0.400000
v 7.918000 0.343301 0.000000
v 7.918000 0.343301 0.300000
v 7.918000 3.156699 0.000000
v 7.918000 3.156699 0.300000
v 7.918000 3.243301 0.000000
v 7.918000 3.243301 0.400000
v 7.930059 0.251704 -0.000000
v 7.930059 0.251704 0.400000
v 7.930059 0.348296 0.000000
v 7.930059 0.348296 0.300000
v 7.930059 3.151704 0.000000
v 7.930059 3.151704 0.300000
v 7.930059 3.248296 0.000000
v 7.930059 3.248296 0.400000
v 7.943000 0.000000 0.000000
v 7.943000 0.000000 0.400000
v 7.943000 0.250000 -0.000000
v 7.943000 0.250000 0.400000
v 7.943000 0.350000 0.000000
v 7.943000 0.350000 0.300000
v 7.943000 3.150000 0.000000
v 7.943000 3.150000 0.300000
v 7.943000 3.250000 0.000000
v 7.943000 3.250000 0.400000
v 7.943000 3.500000 0.000000
v 7.943000 3.500000 0.400000
v 7.955941 0.348296 0.000000
v 7.955941 0.348296 0.300000
v 7.955941 3.151704 0.000000
v 7.955941 3.151704 0.300000
v 7.968000 0.343301 0.000000
v 7.968000 0.343301 0.300000
v 7.968000 3.156699 0.000000
v 7.968000 3.156699 0.300000
v 7.978355 0.335355 0.000000
v 7.978355 0.335355 0.300000
v 7.978355 3.164645 0.000000
v 7.978355 3.164645 0.300000
v 7.986301 0.325000 0.000000
v 7.986301 0.325000 0.300000
v 7.986301 3.175000 0.000000
v 7.986301 3.175000 0.300000
v 7.991296 0.312941 0.000000
v 7.991296 0.312941 0.300000
v 7.991296 3.187059 0.000000
v 7.991296 3.187059 0.300000
v 7.993000 0.300000 0.000000
v 7.993000 0.300000 0.300000
v 7.993000 3.200000 0.000000
v 7.993000 3.200000 0.300000
v 8.021500 0.600000 0.300000
v 8.021500 0.600000 0.440000
v 8.021500 2.900000 0.300000
v 8.021500 2.900000 0.440000
v 8.028315 0.548236 0.300000
v 8.028315 0.548236 0.440000
v 8.028315 0.651764 0.300000
v 8.028315 0.651764 0.440000
v 8.028315 2.848236 0.300000
v 8.028315 2.848236 0.440000
v 8.028315 2.951764 0.300000
v 8.028315 2.951764 0.440000
v 8.033329 1.047464 0.000000
v 8.033329 1.047464 0.300000
v 8.033329 2.452536 0.000000
v 8.033329 2.452536 0.300000
v 8.048295 0.500000 0.300000
v 8.048295 0.500000 0.440000
v 8.048295 0.700000 0.300000
v 8.048295 0.700000 0.440000
v 8.048295 2.800000 0.300000
v 8.048295 2.800000 0.440000
v 8.048295 3.000000 0.300000
v 8.048295 3.000000 0.440000
v 8.076500 0.600000 0.440000
v 8.076500 0.600000 0.600000
v 8.076500 2.900000 0.440000
v 8.076500 2.900000 0.600000
v 8.080079 0.458579 0.300000
v 8.080079 0.458579 0.440000
v 8.080079 0.741421 0.300000
v 8.080079 0.741421 0.440000
v 8.080079 2.758579 0.300000
v 8.080079 2.758579 0.440000
v 8.080079 3.041421 0.300000
v 8.080079 3.041421 0.440000
v 8.081441 0.562471 0.440000
v 8.081441 0.562471 0.600000
v 8.081441 0.637529 0.440000
v 8.081441 0.637529 0.600000
v 8.081441 2.862471 0.440000
v 8.081441 2.862471 0.600000
v 8.081441 2.937529 0.440000
v 8.081441 2.937529 0.600000
v 8.095926 0.527500 0.440000
v 8.095926 0.527500 0.600000
v 8.095926 0.672500 0.440000
v 8.095926 0.672500 0.600000
v 8.095926 2.827500 0.440000
v 8.095926 2.827500 0.600000
v 8.095926 2.972500 0.440000
v 8.095926 2.972500 0.600000
v 8.118969 0.497470 0.440000
v 8.118969 0.497470 0.600000
v 8.118969 0.702530 0.440000
v 8.118969 0.702530 0.600000
v 8.118969 2.797470 0.440000
v 8.118969 2.797470 0.600000
v 8.118969 3.002531 0.440000
v 8.118969 3.002531 0.600000
v 8.121500 0.426795 0.300000
v 8.121500 0.426795 0.440000
v 8.121500 0.773205 0.300000
v 8.121500 0.773205 0.440000
v 8.121500 2.726795 0.300000
v 8.121500 2.726795 0.440000
v 8.121500 3.073205 0.300000
v 8.121500 3.073205 0.440000
v 8.149000 0.474426 0.440000
v 8.149000 0.474426 0.600000
v 8.149000 0.725574 0.440000
v 8.149000 0.725574 0.600000
v 8.149000 2.774426 0.440000
v 8.149000 2.774426 0.600000
v 8.149000 3.025574 0.440000
v 8.149000 3.025574 0.600000
v 8.169736 0.406815 0.300000
v 8.169736 0.406815 0.440000
v 8.169736 0.793185 0.300000
v 8.169736 0.793185 0.440000
v 8.169736 2.706815 0.300000
v 8.169736 2.706815 0.440000
v 8.169736 3.093185 0.300000
v 8.169736 3.093185 0.440000
v 8.174662 1.105709 0.000000
v 8.174662 1.105709 0.300000
v 8.174662 2.394291 0.000000
v 8.174662 2.394291 0.300000
v 8.183971 0.459941 0.440000
v 8.183971 0.459941 0.600000
v 8.183971 0.740059 0.440000
v 8.183971 0.740059 0.600000
v 8.183971 2.759941 0.440000
v 8.183971 2.759941 0.600000
v 8.183971 3.040059 0.440000
v 8.183971 3.040059 0.600000
v 8.221500 0.300000 0.000000
v 8.221500 0.300000 0.300000
v 8.221500 0.400000 0.000000
v 8.221500 0.400000 0.300000
v 8.221500 0.400000 0.440000
v 8.221500 0.455000 0.440000
v 8.221500 0.455000 0.600000
v 8.221500 0.745000 0.440000
v 8.221500 0.745000 0.600000
v 8.221500 0.800000 0.300000
v 8.221500 0.800000 0.440000
v 8.221500 2.700000 0.300000
v 8.221500 2.700000 0.440000
v 8.221500 2.755000 0.440000
v 8.221500 2.755000 0.600000
v 8.221500 3.045000 0.440000
v 8.221500 3.045000 0.600000
v 8.221500 3.100000 0.000000
v 8.221500 3.100000 0.300000
v 8.221500 3.100000 0.440000
v 8.221500 3.200000 0.000000
v 8.221500 3.200000 0.300000
v 8.259029 0.459941 0.440000
v 8.259029 0.459941 0.600000
v 8.259029 0.740059 0.440000
v 8.259029 0.740059 0.600000
v 8.259029 2.759941 0.440000
v 8.259029 2.759941 0.600000
v 8.259029 3.040059 0.440000
v 8.259029 3.040059 0.600000
v 8.273264 0.406815 0.000000
v 8.273264 0.406815 0.440000
v 8.273264 0.793185 0.300000
v 8.273264 0.793185 0.440000
v 8.273264 2.706815 0.300000
v 8.273264 2.706815 0.440000
v 8.273264 3.093185 0.000000
v 8.273264 3.093185 0.440000
v 8.294000 0.474426 0.440000
v 8.294000 0.474426 0.600000
v 8.294000 0.725574 0.440000
v 8.294000 0.725574 0.600000
v 8.294000 2.774426 0.440000
v 8.294000 2.774426 0.600000
v 8.294000 3.025574 0.440000
v 8.294000 3.025574 0.600000
v 8.305203 1.185253 0.000000
v 8.305203 1.185253 0.300000
v 8.305203 2.314747 0.000000
v 8.305203 2.314747 0.300000
v 8.321500 0.426795 0.000000
v 8.321500 0.426795 0.440000
v 8.321500 0.773205 0.300000
v 8.321500 0.773205 0.440000
v 8.321500 2.726795 0.300000
v 8.321500 2.726795 0.440000
v 8.321500 3.073205 0.000000
v 8.321500 3.073205 0.440000
v 8.324030 0.497470 0.440000
v 8.324030 0.497470 0.600000
v 8.324030 0.702530 0.440000
v 8.324030 0.702530 0.600000
v 8.324030 2.797470 0.440000
v 8.324030 2.797470 0.600000
v 8.324030 3.002531 0.440000
v 8.324030 3.002531 0.600000
v 8.347074 0.527500 0.440000
v 8.347074 0.527500 0.600000
v 8.347074 0.672500 0.440000
v 8.347074 0.672500 0.600000
v 8.347074 2.827500 0.440000
v 8.347074 2.827500 0.600000
v 8.347074 2.972500 0.440000
v 8.347074 2.972500 0.600000
v 8.361559 0.562471 0.440000
v 8.361559 0.562471 0.600000
v 8.361559 0.637529 0.440000
v 8.361559 0.637529 0.600000
v 8.361559 2.862471 0.440000
v 8.361559 2.862471 0.600000
v 8.361559 2.937529 0.440000
v 8.361559 2.937529 0.600000
v 8.362922 0.458579 0.000000
v 8.362922 0.458579 0.440000
v 8.362922 0.741421 0.300000
v 8.362922 0.741421 0.440000
v 8.362922 2.758579 0.300000
v 8.362922 2.758579 0.440000
v 8.362922 3.041421 0.000000
v 8.362922 3.041421 0.440000
v 8.366500 0.600000 0.440000
v 8.366500 0.600000 0.600000
v 8.366500 2.900000 0.440000
v 8.366500 2.900000 0.600000
v 8.394705 0.500000 0.000000
v 8.394705 0.500000 0.440000
v 8.394705 0.700000 0.300000
v 8.394705 0.700000 0.440000
v 8.394705 2.800000 0.300000
v 8.394705 2.800000 0.440000
v 8.394705 3.000000 0.000000
v 8.394705 3.000000 0.440000
v 8.414685 0.548236 0.000000
v 8.414685 0.548236 0.440000
v 8.414685 0.651764 0.300000
v 8.414685 0.651764 0.440000
v 8.414685 2.848236 0.300000
v 8.414685 2.848236 0.440000
v 8.414685 2.951764 0.000000
v 8.414685 2.951764 0.440000
v 8.421500 0.600000 0.000000
v 8.421500 0.600000 0.300000
v 8.421500 0.600000 0.440000
v 8.421500 2.900000 0.000000
v 8.421500 2.900000 0.300000
v 8.421500 2.900000 0.440000
v 8.421763 1.284154 0.000000
v 8.421763 1.284154 0.300000
v 8.421763 2.215846 0.000000
v 8.421763 2.215846 0.300000
v 8.521500 1.400000 0.000000
v 8.521500 1.400000 0.300000
v 8.521500 2.100000 0.000000
v 8.521500 2.100000 0.300000
v 8.551503 1.453611 0.000000
v 8.551503 1.453611 0.300000
v 8.551503 2.046389 0.000000
v 8.551503 2.046389 0.300000
v 8.576411 1.509771 0.000000
v 8.576411 1.509771 0.300000
v 8.576411 1.990229 0.000000
v 8.576411 1.990229 0.300000
v 8.596010 1.567997 0.000000
v 8.596010 1.567997 0.300000
v 8.596010 1.932003 0.000000
v 8.596010 1.932003 0.300000
v 8.610130 1.627788 0.000000
v 8.610130 1.627788 0.300000
v 8.610130 1.872212 0.000000
v 8.610130 1.872212 0.300000
v 8.618652 1.688630 0.000000
v 8.618652 1.688630 0.300000
v 8.618652 1.811370 0.000000
v 8.618652 1.811370 0.300000
v 8.621500 1.750000 0.000000
v 8.621500 1.750000 0.300000
v 9.043000 1.750000 0.000000
v 9.043000 1.750000 0.300000
v 9.045849 1.688630 0.000000
v 9.045849 1.688630 0.300000
v 9.045849 1.811370 0.000000
v 9.045849 1.811370 0.300000
v 9.054370 1.627788 0.000000
v 9.054370 1.627788 0.300000
v 9.054370 1.872212 0.000000
v 9.054370 1.872212 0.300000
v 9.068490 1.567997 0.000000
v 9.068490 1.567997 0.300000
v 9.068490 1.932003 0.000000
v 9.068490 1.932003 0.300000
v 9.088089 1.509771 0.000000
v 9.088089 1.509771 0.300000
v 9.088089 1.990229 0.000000
v 9.088089 1.990229 0.300000
v 9.112997 1.453611 0.000000
v 9.112997 1.453611 0.300000
v 9.112997 2.046389 0.000000
v 9.112997 2.046389 0.300000
v 9.143000 1.400000 0.000000
v 9.143000 1.400000 0.300000
v 9.143000 2.100000 0.000000
v 9.143000 2.100000 0.300000
v 9.514500 0.900000 0.000000
v 9.514500 0.900000 0.300000
v 9.514500 1.200000 0.000000
v 9.514500 1.200000 0.300000
v 9.514500 2.300000 0.000000
v 9.514500 2.300000 0.300000
v 9.514500 2.600000 0.000000
v 9.514500 2.600000 0.300000
v 9.516204 0.887059 0.000000
v 9.516204 0.887059 0.300000
v 9.516204 0.912941 0.000000
v 9.516204 0.912941 0.300000
v 9.516204 1.187059 0.000000
v 9.516204 1.187059 0.300000
v 9.516204 1.212941 0.000000
v 9.516204 1.212941 0.300000
v 9.516204 2.287059 0.000000
v 9.516204 2.287059 0.300000
v 9.516204 2.312941 0.000000
v 9.516204 2.312941 0.300000
v 9.516204 2.587059 0.000000
v 9.516204 2.587059 0.300000
v 9.516204 2.612941 0.000000
v 9.516204 2.612941 0.300000
v 9.521199 0.875000 0.000000
v 9.521199 0.875000 0.300000
v 9.521199 0.925000 0.000000
v 9.521199 0.925000 0.300000
v 9.521199 1.175000 0.000000
v 9.521199 1.175000 0.300000
v 9.521199 1.225000 0.000000
v 9.521199 1.225000 0.300000
v 9.521199 2.275000 0.000000
v 9.521199 2.275000 0.300000
v 9.521199 2.325000 0.000000
v 9.521199 2.325000 0.300000
v 9.521199 2.575000 0.000000
v 9.521199 2.575000 0.300000
v 9.521199 2.625000 0.000000
v 9.521199 2.625000 0.300000
v 9.529145 0.864645 0.000000
v 9.529145 0.864645 0.300000
v 9.529145 0.935355 0.000000
v 9.529145 0.935355 0.300000
v 9.529145 1.164645 0.000000
v 9.529145 1.164645 0.300000
v 9.529145 1.235355 0.000000
v 9.529145 1.235355 0.300000
v 9.529145 2.264645 0.000000
v 9.529145 2.264645 0.300000
v 9.529145 2.335355 0.000000
v 9.529145 2.335355 0.300000
v 9.529145 2.564645 0.000000
v 9.529145 2.564645 0.300000
v 9.529145 2.635355 0.000000
v 9.529145 2.635355 0.300000
v 9.539500 0.856699 0.000000
v 9.539500 0.856699 0.300000
v 9.539500 0.943301 0.000000
v 9.539500 0.943301 0.300000
v 9.539500 1.156699 0.000000
v 9.539500 1.156699 0.300000
v 9.539500 1.243301 0.000000
v 9.539500 1.243301 0.300000
v 9.539500 2.256699 0.000000
v 9.539500 2.256699 0.300000
v 9.539500 2.343301 0.000000
v 9.539500 2.343301 0.300000
v 9.539500 2.556699 0.000000
v 9.539500 2.556699 0.300000
v 9.539500 2.643301 0.000000
v 9.539500 2.643301 0.300000
v 9.551559 0.851704 0.000000
v 9.551559 0.851704 0.300000
v 9.551559 0.948296 0.000000
v 9.551559 0.948296 0.300000
v 9.551559 1.151704 0.000000
v 9.551559 1.151704 0.300000
v 9.551559 1.248296 0.000000
v 9.551559 1.248296 0.300000
v 9.551559 2.251704 0.000000
v 9.551559 2.251704 0.300000
v 9.551559 2.348296 0.000000
v 9.551559 2.348296 0.300000
v 9.551559 2.551704 0.000000
v 9.551559 2.551704 0.300000
v 9.551559 2.648296 0.000000
v 9.551559 2.648296 0.300000
v 9.564500 0.850000 0.000000
v 9.564500 0.850000 0.300000
v 9.564500 0.950000 0.000000
v 9.564500 0.950000 0.300000
v 9.564500 1.150000 0.000000
v 9.564500 1.150000 0.300000
v 9.564500 1.250000 0.000000
v 9.564500 1.250000 0.300000
v 9.564500 2.250000 0.000000
v 9.564500 2.250000 0.300000
v 9.564500 2.350000 0.000000
v 9.564500 2.350000 0.300000
v 9.564500 2.550000 0.000000
v 9.564500 2.550000 0.300000
v 9.564500 2.650000 0.000000
v 9.564500 2.650000 0.300000
v 9.577441 0.851704 0.000000
v 9.577441 0.851704 0.300000
v 9.577441 1.248296 0.000000
v 9.577441 1.248296 0.300000
v 9.577441 2.251704 0.000000
v 9.577441 2.251704 0.300000
v 9.577441 2.648296 0.000000
v 9.577441 2.648296 0.300000
v 9.589500 0.856699 0.000000
v 9.589500 0.856699 0.300000
v 9.589500 1.243301 0.000000
v 9.589500 1.243301 0.300000
v 9.589500 2.256699 0.000000
v 9.589500 2.256699 0.300000
v 9.589500 2.643301 0.000000
v 9.589500 2.643301 0.300000
v 9.599856 0.864645 0.000000
v 9.599856 0.864645 0.300000
v 9.599856 1.235355 0.000000
v 9.599856 1.235355 0.300000
v 9.599856 2.264645 0.000000
v 9.599856 2.264645 0.300000
v 9.599856 2.635355 0.000000
v 9.599856 2.635355 0.300000
v 9.607802 0.875000 0.000000
v 9.607802 0.875000 0.300000
v 9.607802 1.225000 0.000000
v 9.607802 1.225000 0.300000
v 9.607802 2.275000 0.000000
v 9.607802 2.275000 0.300000
v 9.607802 2.625000 0.000000
v 9.607802 2.625000 0.300000
v 9.612796 0.887059 0.000000
v 9.612796 0.887059 0.300000
v 9.612796 1.212941 0.000000
v 9.612796 1.212941 0.300000
v 9.612796 2.287059 0.000000
v 9.612796 2.287059 0.300000
v 9.612796 2.612941 0.000000
v 9.612796 2.612941 0.300000
v 9.614500 0.900000 0.000000
v 9.614500 0.900000 0.300000
v 9.614500 1.200000 0.000000
v 9.614500 1.200000 0.300000
v 9.614500 2.300000 0.000000
v 9.614500 2.300000 0.300000
v 9.614500 2.600000 0.000000
v 9.614500 2.600000 0.300000
v 9.914500 0.900000 0.000000
v 9.914500 0.900000 0.300000
v 9.914500 1.200000 0.000000
v 9.914500 1.200000 0.300000
v 9.914500 2.300000 0.000000
v 9.914500 2.300000 0.300000
v 9.914500 2.600000 0.000000
v 9.914500 2.600000 0.300000
v 9.916204 0.887059 0.000000
v 9.916204 0.887059 0.300000
v 9.916204 1.212941 0.000000
v 9.916204 1.212941 0.300000
v 9.916204 2.287059 0.000000
v 9.916204 2.287059 0.300000
v 9.916204 2.612941 0.000000
v 9.916204 2.612941 0.300000
v 9.921199 0.875000 0.000000
v 9.921199 0.875000 0.300000
v 9.921199 1.225000 0.000000
v 9.921199 1.225000 0.300000
v 9.921199 2.275000 0.000000
v 9.921199 2.275000 0.300000
v 9.921199 2.625000 0.000000
v 9.921199 2.625000 0.300000
v 9.929144 0.864645 0.000000
v 9.929144 0.864645 0.300000
v 9.929144 1.235355 0.000000
v 9.929144 1.235355 0.300000
v 9.929144 2.264645 0.000000
v 9.929144 2.264645 0.300000
v 9.929144 2.635355 0.000000
v 9.929144 2.635355 0.300000
v 9.939500 0.856699 0.000000
v 9.939500 0.856699 0.300000
v 9.939500 1.243301 0.000000
v 9.939500 1.243301 0.300000
v 9.939500 2.256699 0.000000
v 9.939500 2.256699 0.300000
v 9.939500 2.643301 0.000000
v 9.939500 2.643301 0.300000
v 9.951559 0.851704 0.000000
v 9.951559 0.851704 0.300000
v 9.951559 1.248296 0.000000
v 9.951559 1.248296 0.300000
v 9.951559 2.251704 0.000000
v 9.951559 2.251704 0.300000
v 9.951559 2.648296 0.000000
v 9.951559 2.648296 0.300000
v 9.964500 0.850000 0.000000
v 9.964500 0.850000 0.300000
v 9.964500 0.950000 0.000000
v 9.964500 0.950000 0.300000
v 9.964500 1.150000 0.000000
v 9.964500 1.150000 0.300000
v 9.964500 1.250000 0.000000
v 9.964500 1.250000 0.300000
v 9.964500 2.250000 0.000000
v 9.964500 2.250000 0.300000
v 9.964500 2.350000 0.000000
v 9.964500 2.350000 0.300000
v 9.964500 2.550000 0.000000
v 9.964500 2.550000 0.300000
v 9.964500 2.650000 0.000000
v 9.964500 2.650000 0.300000
v 9.977441 0.851704 0.000000
v 9.977441 0.851704 0.300000
v 9.977441 0.948296 0.000000
v 9.977441 0.948296 0.300000
v 9.977441 1.151704 0.000000
v 9.977441 1.151704 0.300000
v 9.977441 1.248296 0.000000
v 9.977441 1.248296 0.300000
v 9.977441 2.251704 0.000000
v 9.977441 2.251704 0.300000
v 9.977441 2.348296 0.000000
v 9.977441 2.348296 0.300000
v 9.977441 2.551704 0.000000
v 9.977441 2.551704 0.300000
v 9.977441 2.648296 0.000000
v 9.977441 2.648296 0.300000
v 9.989500 0.856699 0.000000
v 9.989500 0.856699 0.300000
v 9.989500 0.943301 0.000000
v 9.989500 0.943301 0.300000
v 9.989500 1.156699 0.000000
v 9.989500 1.156699 0.300000
v 9.989500 1.243301 0.000000
v 9.989500 1.243301 0.300000
v 9.989500 2.256699 0.000000
v 9.989500 2.256699 0.300000
v 9.989500 2.343301 0.000000
v 9.989500 2.343301 0.300000
v 9.989500 2.556699 0.000000
v 9.989500 2.556699 0.300000
v 9.989500 2.643301 0.000000
v 9.989500 2.643301 0.300000
v 9.999855 0.864645 0.000000
v 9.999855 0.864645 0.300000
v 9.999855 0.935355 0.000000
v 9.999855 0.935355 0.300000
v 9.999855 1.164645 0.000000
v 9.999855 1.164645 0.300000
v 9.999855 1.235355 0.000000
v 9.999855 1.235355 0.300000
v 9.999855 2.264645 0.000000
v 9.999855 2.264645 0.300000
v 9.999855 2.335355 0.000000
v 9.999855 2.335355 0.300000
v 9.999855 2.564645 0.000000
v 9.999855 2.564645 0.300000
v 9.999855 2.635355 0.000000
v 9.999855 2.635355 0.300000
v 10.007801 0.875000 0.000000
v 10.007801 0.875000 0.300000
v 10.007801 0.925000 0.000000
v 10.007801 0.925000 0.300000
v 10.007801 1.175000 0.000000
v 10.007801 1.175000 0.300000
v 10.007801 1.225000 0.000000
v 10.007801 1.225000 0.300000
v 10.007801 2.275000 0.000000
v 10.007801 2.275000 0.300000
v 10.007801 2.325000 0.000000
v 10.007801 2.325000 0.300000
v 10.007801 2.575000 0.000000
v 10.007801 2.575000 0.300000
v 10.007801 2.625000 0.000000
v 10.007801 2.625000 0.300000
v 10.012796 0.887059 0.000000
v 10.012796 0.887059 0.300000
v 10.012796 0.912941 0.000000
v 10.012796 0.912941 0.300000
v 10.012796 1.187059 0.000000
v 10.012796 1.187059 0.300000
v 10.012796 1.212941 0.000000
v 10.012796 1.212941 0.300000
v 10.012796 2.287059 0.000000
v 10.012796 2.287059 0.300000
v 10.012796 2.312941 0.000000
v 10.012796 2.312941 0.300000
v 10.012796 2.587059 0.000000
v 10.012796 2.587059 0.300000
v 10.012796 2.612941 0.000000
v 10.012796 2.612941 0.300000
v 10.014500 0.900000 0.000000
v 10.014500 0.900000 0.300000
v 10.014500 1.200000 0.000000
v 10.014500 1.200000 0.300000
v 10.014500 2.300000 0.000000
v 10.014500 2.300000 0.300000
v 10.014500 2.600000 0.000000
v 10.014500 2.600000 0.300000
v 10.332250 1.400000 0.000000
v 10.332250 1.400000 0.300000
v 10.332250 2.100000 0.000000
v 10.332250 2.100000 0.300000
v 10.362253 1.453611 0.000000
v 10.362253 1.453611 0.300000
v 10.362253 2.046389 0.000000
v 10.362253 2.046389 0.300000
v 10.387161 1.509771 0.000000
v 10.387161 1.509771 0.300000
v 10.387161 1.990229 0.000000
v 10.387161 1.990229 0.300000
v 10.406760 1.567997 0.000000
v 10.406760 1.567997 0.300000
v 10.406760 1.932003 0.000000
v 10.406760 1.932003 0.300000
v 10.420880 1.627788 0.000000
v 10.420880 1.627788 0.300000
v 10.420880 1.872212 0.000000
v 10.420880 1.872212 0.300000
v 10.429402 1.688630 0.000000
v 10.429402 1.688630 0.300000
v 10.429402 1.811370 0.000000
v 10.429402 1.811370 0.300000
v 10.432250 1.750000 0.000000
v 10.432250 1.750000 0.300000
v 10.714500 0.900000 0.000000
v 10.714500 0.900000 0.300000
v 10.714500 1.200000 0.000000
v 10.714500 1.200000 0.300000
v 10.714500 2.300000 0.000000
v 10.714500 2.300000 0.300000
v 10.714500 2.600000 0.000000
v 10.714500 2.600000 0.300000
v 10.716204 0.887059 0.000000
v 10.716204 0.887059 0.300000
v 10.716204 0.912941 0.000000
v 10.716204 0.912941 0.300000
v 10.716204 1.187059 0.000000
v 10.716204 1.187059 0.300000
v 10.716204 1.212941 0.000000
v 10.716204 1.212941 0.300000
v 10.716204 2.287059 0.000000
v 10.716204 2.287059 0.300000
v 10.716204 2.312941 0.000000
v 10.716204 2.312941 0.300000
v 10.716204 2.587059 0.000000
v 10.716204 2.587059 0.300000
v 10.716204 2.612941 0.000000
v 10.716204 2.612941 0.300000
v 10.721199 0.875000 0.000000
v 10.721199 0.875000 0.300000
v 10.721199 0.925000 0.000000
v 10.721199 0.925000 0.300000
v 10.721199 1.175000 0.000000
v 10.721199 1.175000 0.300000
v 10.721199 1.225000 0.000000
v 10.721199 1.225000 0.300000
v 10.721199 2.275000 0.000000
v 10.721199 2.275000 0.300000
v 10.721199 2.325000 0.000000
v 10.721199 2.325000 0.300000
v 10.721199 2.575000 0.000000
v 10.721199 2.575000 0.300000
v 10.721199 2.625000 0.000000
v 10.721199 2.625000 0.300000
v 10.729144 0.864645 0.000000
v 10.729144 0.864645 0.300000
v 10.729144 0.935355 0.000000
v 10.729144 0.935355 0.300000
v 10.729144 1.164645 0.000000
v 10.729144 1.164645 0.300000
v 10.729144 1.235355 0.000000
v 10.729144 1.235355 0.300000
v 10.729144 2.264645 0.000000
v 10.729144 2.264645 0.300000
v 10.729144 2.335355 0.000000
v 10.729144 2.335355 0.300000
v 10.729144 2.564645 0.000000
v 10.729144 2.564645 0.300000
v 10.729144 2.635355 0.000000
v 10.729144 2.635355 0.300000
v 10.732250 1.750000 -0.000000
v 10.732250 1.750000 0.300000
v 10.735098 1.688630 -0.000000
v 10.735098 1.688630 0.300000
v 10.735098 1.811370 -0.000000
v 10.735098 1.811370 0.300000
v 10.739500 0.856699 0.000000
v 10.739500 0.856699 0.300000
v 10.739500 0.943301 0.000000
v 10.739500 0.943301 0.300000
v 10.739500 1.156699 0.000000
v 10.739500 1.156699 0.300000
v 10.739500 1.243301 0.000000
v 10.739500 1.243301 0.300000
v 10.739500 2.256699 0.000000
v 10.739500 2.256699 0.300000
v 10.739500 2.343301 0.000000
v 10.739500 2.343301 0.300000
v 10.739500 2.556699 0.000000
v 10.739500 2.556699 0.300000
v 10.739500 2.643301 0.000000
v 10.739500 2.643301 0.300000
v 10.743620 1.627788 -0.000000
v 10.743620 1.627788 0.300000
v 10.743620 1.872212 -0.000000
v 10.743620 1.872212 0.300000
v 10.751559 0.851704 0.000000
v 10.751559 0.851704 0.300000
v 10.751559 0.948296 0.000000
v 10.751559 0.948296 0.300000
v 10.751559 1.151704 0.000000
v 10.751559 1.151704 0.300000
v 10.751559 1.248296 0.000000
v 10.751559 1.248296 0.300000
v 10.751559 2.251704 0.000000
v 10.751559 2.251704 0.300000
v 10.751559 2.348296 0.000000
v 10.751559 2.348296 0.300000
v 10.751559 2.551704 0.000000
v 10.751559 2.551704 0.300000
v 10.751559 2.648296 0.000000
v 10.751559 2.648296 0.300000
v 10.757740 1.567997 -0.000000
v 10.757740 1.567997 0.300000
v 10.757740 1.932003 -0.000000
v 10.757740 1.932003 0.300000
v 10.764500 0.850000 0.000000
v 10.764500 0.850000 0.300000
v 10.764500 0.950000 0.000000
v 10.764500 0.950000 0.300000
v 10.764500 1.150000 0.000000
v 10.764500 1.150000 0.300000
v 10.764500 1.250000 0.000000
v 10.764500 1.250000 0.300000
v 10.764500 2.250000 0.000000
v 10.764500 2.250000 0.300000
v 10.764500 2.350000 0.000000
v 10.764500 2.350000 0.300000
v 10.764500 2.550000 0.000000
v 10.764500 2.550000 0.300000
v 10.764500 2.650000 0.000000
v 10.764500 2.650000 0.300000
v 10.777339 1.509771 -0.000000
v 10.777339 1.509771 0.300000
v 10.777339 1.990229 -0.000000
v 10.777339 1.990229 0.300000
v 10.777441 0.851704 0.000000
v 10.777441 0.851704 0.300000
v 10.777441 1.248296 0.000000
v 10.777441 1.248296 0.300000
v 10.777441 2.251704 0.000000
v 10.777441 2.251704 0.300000
v 10.777441 2.648296 0.000000
v 10.777441 2.648296 0.300000
v 10.789500 0.856699 0.000000
v 10.789500 0.856699 0.300000
v 10.789500 1.243301 0.000000
v 10.789500 1.243301 0.300000
v 10.789500 2.256699 0.000000
v 10.789500 2.256699 0.300000
v 10.789500 2.643301 0.000000
v 10.789500 2.643301 0.300000
v 10.799855 0.864645 0.000000
v 10.799855 0.864645 0.300000
v 10.799855 1.235355 0.000000
v 10.799855 1.235355 0.300000
v 10.799855 2.264645 0.000000
v 10.799855 2.264645 0.300000
v 10.799855 2.635355 0.000000
v 10.799855 2.635355 0.300000
v 10.802247 1.453611 -0.000000
v 10.802247 1.453611 0.300000
v 10.802247 2.046389 -0.000000
v 10.802247 2.046389 0.300000
v 10.807801 0.875000 0.000000
v 10.807801 0.875000 0.300000
v 10.807801 1.225000 0.000000
v 10.807801 1.225000 0.300000
v 10.807801 2.275000 0.000000
v 10.807801 2.275000 0.300000
v 10.807801 2.625000 0.000000
v 10.807801 2.625000 0.300000
v 10.812796 0.887059 0.000000
v 10.812796 0.887059 0.300000
v 10.812796 1.212941 0.000000
v 10.812796 1.212941 0.300000
v 10.812796 2.287059 0.000000
v 10.812796 2.287059 0.300000
v 10.812796 2.612941 0.000000
v 10.812796 2.612941 0.300000
v 10.814500 0.900000 0.000000
v 10.814500 0.900000 0.300000
v 10.814500 1.200000 0.000000
v 10.814500 1.200000 0.300000
v 10.814500 2.300000 0.000000
v 10.814500 2.300000 0.300000
v 10.814500 2.600000 0.000000
v 10.814500 2.600000 0.300000
v 10.832250 1.400000 -0.000000
v 10.832250 1.400000 0.300000
v 10.832250 2.100000 -0.000000
v 10.832250 2.100000 0.300000
v 11.114500 0.900000 0.000000
v 11.114500 0.900000 0.300000
v 11.114500 1.200000 0.000000
v 11.114500 1.200000 0.300000
v 11.114500 2.300000 0.000000
v 11.114500 2.300000 0.300000
v 11.114500 2.600000 0.000000
v 11.114500 2.600000 0.300000
v 11.116204 0.887059 0.000000
v 11.116204 0.887059 0.300000
v 11.116204 1.212941 0.000000
v 11.116204 1.212941 0.300000
v 11.116204 2.287059 0.000000
v 11.116204 2.287059 0.300000
v 11.116204 2.612941 0.000000
v 11.116204 2.612941 0.300000
v 11.121199 0.875000 0.000000
v 11.121199 0.875000 0.300000
v 11.121199 1.225000 0.000000
v 11.121199 1.225000 0.300000
v 11.121199 2.275000 0.000000
v 11.121199 2.275000 0.300000
v 11.121199 2.625000 0.000000
v 11.121199 2.625000 0.300000
v 11.129144 0.864645 0.000000
v 11.129144 0.864645 0.300000
v 11.129144 1.235355 0.000000
v 11.129144 1.235355 0.300000
v 11.129144 2.264645 0.000000
v 11.129144 2.264645 0.300000
v 11.129144 2.635355 0.000000
v 11.129144 2.635355 0.300000
v 11.139500 0.856699 0.000000
v 11.139500 0.856699 0.300000
v 11.139500 1.243301 0.000000
v 11.139500 1.243301 0.300000
v 11.139500 2.256699 0.000000
v 11.139500 2.256699 0.300000
v 11.139500 2.643301 0.000000
v 11.139500 2.643301 0.300000
v 11.151559 0.851704 0.000000
v 11.151559 0.851704 0.300000
v 11.151559 1.248296 0.000000
v 11.151559 1.248296 0.300000
v 11.151559 2.251704 0.000000
v 11.151559 2.251704 0.300000
v 11.151559 2.648296 0.000000
v 11.151559 2.648296 0.300000
v 11.164500 0.850000 0.000000
v 11.164500 0.850000 0.300000
v 11.164500 0.950000 0.000000
v 11.164500 0.950000 0.300000
v 11.164500 1.150000 0.000000
v 11.164500 1.150000 0.300000
v 11.164500 1.250000 0.000000
v 11.164500 1.250000 0.300000
v 11.164500 2.250000 0.000000
v 11.164500 2.250000 0.300000
v 11.164500 2.350000 0.000000
v 11.164500 2.350000 0.300000
v 11.164500 2.550000 0.000000
v 11.164500 2.550000 0.300000
v 11.164500 2.650000 0.000000
v 11.164500 2.650000 0.300000
v 11.177441 0.851704 0.000000
v 11.177441 0.851704 0.300000
v 11.177441 0.948296 0.000000
v 11.177441 0.948296 0.300000
v 11.177441 1.151704 0.000000
v 11.177441 1.151704 0.300000
v 11.177441 1.248296 0.000000
v 11.177441 1.248296 0.300000
v 11.177441 2.251704 0.000000
v 11.177441 2.251704 0.300000
v 11.177441 2.348296 0.000000
v 11.177441 2.348296 0.300000
v 11.177441 2.551704 0.000000
v 11.177441 2.551704 0.300000
v 11.177441 2.648296 0.000000
v 11.177441 2.648296 0.300000
v 11.189500 0.856699 0.000000
v 11.189500 0.856699 0.300000
v 11.189500 0.943301 0.000000
v 11.189500 0.943301 0.300000
v 11.189500 1.156699 0.000000
v 11.189500 1.156699 0.300000
v 11.189500 1.243301 0.000000
v 11.189500 1.243301 0.300000
v 11.189500 2.256699 0.000000
v 11.189500 2.256699 0.300000
v 11.189500 2.343301 0.000000
v 11.189500 2.343301 0.300000
v 11.189500 2.556699 0.000000
v 11.189500 2.556699 0.300000
v 11.189500 2.643301 0.000000
v 11.189500 2.643301 0.300000
v 11.199855 0.864645 0.000000
v 11.199855 0.864645 0.300000
v 11.199855 0.935355 0.000000
v 11.199855 0.935355 0.300000
v 11.199855 1.164645 0.000000
v 11.199855 1.164645 0.300000
v 11.199855 1.235355 0.000000
v 11.199855 1.235355 0.300000
v 11.199855 2.264645 0.000000
v 11.199855 2.264645 0.300000
v 11.199855 2.335355 0.000000
v 11.199855 2.335355 0.300000
v 11.199855 2.564645 0.000000
v 11.199855 2.564645 0.300000
v 11.199855 2.635355 0.000000
v 11.199855 2.635355 0.300000
v 11.207801 0.875000 0.000000
v 11.207801 0.875000 0.300000
v 11.207801 0.925000 0.000000
v 11.207801 0.925000 0.300000
v 11.207801 1.175000 0.000000
v 11.207801 1.175000 0.300000
v 11.207801 1.225000 0.000000
v 11.207801 1.225000 0.300000
v 11.207801 2.275000 0.000000
v 11.207801 2.275000 0.300000
v 11.207801 2.325000 0.000000
v 11.207801 2.325000 0.300000
v 11.207801 2.575000 0.000000
v 11.207801 2.575000 0.300000
v 11.207801 2.625000 0.000000
v 11.207801 2.625000 0.300000
v 11.212796 0.887059 0.000000
v 11.212796 0.887059 0.300000
v 11.212796 0.912941 0.000000
v 11.212796 0.912941 0.300000
v 11.212796 1.187059 0.000000
v 11.212796 1.187059 0.300000
v 11.212796 1.212941 0.000000
v 11.212796 1.212941 0.300000
v 11.212796 2.287059 0.000000
v 11.212796 2.287059 0.300000
v 11.212796 2.312941 0.000000
v 11.212796 2.312941 0.300000
v 11.212796 2.587059 0.000000
v 11.212796 2.587059 0.300000
v 11.212796 2.612941 0.000000
v 11.212796 2.612941 0.300000
v 11.214500 0.900000 0.000000
v 11.214500 0.900000 0.300000
v 11.214500 1.200000 0.000000
v 11.214500 1.200000 0.300000
v 11.214500 2.300000 0.000000
v 11.214500 2.300000 0.300000
v 11.214500 2.600000 0.000000
v 11.214500 2.600000 0.300000
v 11.221500 1.400000 -0.000000
v 11.221500 1.400000 0.300000
v 11.221500 2.100000 -0.000000
v 11.221500 2.100000 0.300000
v 11.251503 1.453611 -0.000000
v 11.251503 1.453611 0.300000
v 11.251503 2.046389 -0.000000
v 11.251503 2.046389 0.300000
v 11.276412 1.509771 -0.000000
v 11.276412 1.509771 0.300000
v 11.276412 1.990229 -0.000000
v 11.276412 1.990229 0.300000
v 11.296010 1.567997 -0.000000
v 11.296010 1.567997 0.300000
v 11.296010 1.932003 -0.000000
v 11.296010 1.932003 0.300000
v 11.310130 1.627788 -0.000000
v 11.310130 1.627788 0.300000
v 11.310130 1.872212 -0.000000
v 11.310130 1.872212 0.300000
v 11.318652 1.688630 -0.000000
v 11.318652 1.688630 0.300000
v 11.318652 1.811370 -0.000000
v 11.318652 1.811370 0.300000
v 11.321500 1.750000 -0.000000
v 11.321500 1.750000 0.300000
v 11.485500 2.900000 0.000000
v 11.485500 2.900000 0.300000
v 11.485500 3.200000 0.000000
v 11.485500 3.200000 0.300000
v 11.586000 0.300000 0.000000
v 11.586000 0.300000 0.300000
v 11.586000 0.600000 0.000000
v 11.586000 0.600000 0.300000
v 11.621500 1.750000 0.000000
v 11.621500 1.750000 0.300000
v 11.630151 1.597173 0.000000
v 11.630151 1.597173 0.300000
v 11.630151 1.902827 0.000000
v 11.630151 1.902827 0.300000
v 11.655995 1.446299 0.000000
v 11.655995 1.446299 0.300000
v 11.655995 2.053700 0.000000
v 11.655995 2.053700 0.300000
v 11.698701 1.299306 0.000000
v 11.698701 1.299306 0.300000
v 11.698701 2.200694 0.000000
v 11.698701 2.200694 0.300000
v 11.736000 0.300000 0.000000
v 11.736000 0.300000 0.300000
v 11.736000 3.200000 0.000000
v 11.736000 3.200000 0.300000
v 11.737704 0.312941 0.000000
v 11.737704 0.312941 0.300000
v 11.737704 3.187059 0.000000
v 11.737704 3.187059 0.300000
v 11.742699 0.325000 0.000000
v 11.742699 0.325000 0.300000
v 11.742699 3.175000 0.000000
v 11.742699 3.175000 0.300000
v 11.750645 0.335355 0.000000
v 11.750645 0.335355 0.300000
v 11.750645 3.164645 0.000000
v 11.750645 3.164645 0.300000
v 11.757723 1.158071 0.000000
v 11.757723 1.158071 0.300000
v 11.757723 2.341929 0.000000
v 11.757723 2.341929 0.300000
v 11.761000 0.343301 0.000000
v 11.761000 0.343301 0.300000
v 11.761000 3.156699 0.000000
v 11.761000 3.156699 0.300000
v 11.773059 0.348296 0.000000
v 11.773059 0.348296 0.300000
v 11.773059 3.151704 0.000000
v 11.773059 3.151704 0.300000
v 11.786000 0.000000 0.000000
v 11.786000 0.000000 0.400000
v 11.786000 0.250000 0.000000
v 11.786000 0.250000 0.400000
v 11.786000 0.350000 0.000000
v 11.786000 0.350000 0.300000
v 11.786000 3.150000 0.000000
v 11.786000 3.150000 0.300000
v 11.786000 3.250000 0.000000
v 11.786000 3.250000 0.400000
v 11.786000 3.500000 0.000000
v 11.786000 3.500000 0.400000
v 11.798941 0.251704 0.000000
v 11.798941 0.251704 0.400000
v 11.798941 0.348296 0.000000
v 11.798941 0.348296 0.300000
v 11.798941 3.151704 0.000000
v 11.798941 3.151704 0.300000
v 11.798941 3.248296 0.000000
v 11.798941 3.248296 0.400000
v 11.811000 0.256699 0.000000
v 11.811000 0.256699 0.400000
v 11.811000 0.343301 0.000000
v 11.811000 0.343301 0.300000
v 11.811000 3.156699 0.000000
v 11.811000 3.156699 0.300000
v 11.811000 3.243301 0.000000
v 11.811000 3.243301 0.400000
v 11.821356 0.264645 0.000000
v 11.821356 0.264645 0.400000
v 11.821356 0.335355 0.000000
v 11.821356 0.335355 0.300000
v 11.821356 3.164645 0.000000
v 11.821356 3.164645 0.300000
v 11.821356 3.235355 0.000000
v 11.821356 3.235355 0.400000
v 11.829302 0.275000 0.000000
v 11.829302 0.275000 0.400000
v 11.829302 0.325000 0.000000
v 11.829302 0.325000 0.300000
v 11.829302 3.175000 0.000000
v 11.829302 3.175000 0.300000
v 11.829302 3.225000 0.000000
v 11.829302 3.225000 0.400000
v 11.832307 1.024400 0.000000
v 11.832307 1.024400 0.300000
v 11.832307 2.475600 0.000000
v 11.832307 2.475600 0.300000
v 11.834297 0.287059 0.000000
v 11.834297 0.287059 0.400000
v 11.834297 0.312941 0.000000
v 11.834297 0.312941 0.300000
v 11.834297 3.187059 0.000000
v 11.834297 3.187059 0.300000
v 11.834297 3.212941 0.000000
v 11.834297 3.212941 0.400000
v 11.836000 0.300000 0.000000
v 11.836000 0.300000 0.300000
v 11.836000 0.300000 0.400000
v 11.836000 3.200000 0.000000
v 11.836000 3.200000 0.300000
v 11.836000 3.200000 0.400000
v 11.921500 0.900000 0.000000
v 11.921500 0.900000 0.300000
v 11.921500 2.600000 0.000000
v 11.921500 2.600000 0.300000
v 12.136000 0.300000 0.000000
v 12.136000 0.300000 0.300000
v 12.136000 0.300000 0.400000
v 12.136000 3.200000 0.000000
v 12.136000 3.200000 0.300000
v 12.136000 3.200000 0.400000
v 12.137704 0.287059 0.000000
v 12.137704 0.287059 0.400000
v 12.137704 0.312941 0.000000
v 12.137704 0.312941 0.300000
v 12.137704 3.187059 0.000000
v 12.137704 3.187059 0.300000
v 12.137704 3.212941 0.000000
v 12.137704 3.212941 0.400000
v 12.142699 0.275000 0.000000
v 12.142699 0.275000 0.400000
v 12.142699 0.325000 0.000000
v 12.142699 0.325000 0.300000
v 12.142699 3.175000 0.000000
v 12.142699 3.175000 0.300000
v 12.142699 3.225000 0.000000
v 12.142699 3.225000 0.400000
v 12.150645 0.264645 0.000000
v 12.150645 0.264645 0.400000
v 12.150645 0.335355 0.000000
v 12.150645 0.335355 0.300000
v 12.150645 3.164645 0.000000
v 12.150645 3.164645 0.300000
v 12.150645 3.235355 0.000000
v 12.150645 3.235355 0.400000
v 12.161000 0.256699 0.000000
v 12.161000 0.256699 0.400000
v 12.161000 0.343301 0.000000
v 12.161000 0.343301 0.300000
v 12.161000 3.156699 0.000000
v 12.161000 3.156699 0.300000
v 12.161000 3.243301 0.000000
v 12.161000 3.243301 0.400000
v 12.171500 2.900000 0.300000
v 12.171500 2.900000 0.440000
v 12.173059 0.251704 0.000000
v 12.173059 0.251704 0.400000
v 12.173059 0.348296 0.000000
v 12.173059 0.348296 0.300000
v 12.173059 3.151704 0.000000
v 12.173059 3.151704 0.300000
v 12.173059 3.248296 0.000000
v 12.173059 3.248296 0.400000
v 12.180019 2.835295 0.300000
v 12.180019 2.835295 0.440000
v 12.180019 2.964705 0.300000
v 12.180019 2.964705 0.440000
v 12.186000 0.000000 0.000000
v 12.186000 0.000000 0.400000
v 12.186000 0.250000 0.000000
v 12.186000 0.250000 0.400000
v 12.186000 0.350000 0.000000
v 12.186000 0.350000 0.300000
v 12.186000 3.150000 0.000000
v 12.186000 3.150000 0.300000
v 12.186000 3.250000 0.000000
v 12.186000 3.250000 0.400000
v 12.186000 3.500000 0.000000
v 12.186000 3.500000 0.400000
v 12.198941 0.348296 0.000000
v 12.198941 0.348296 0.300000
v 12.198941 3.151704 0.000000
v 12.198941 3.151704 0.300000
v 12.199000 0.600000 0.300000
v 12.199000 0.600000 0.440000
v 12.204994 2.775000 0.300000
v 12.204994 2.775000 0.440000
v 12.204994 3.025000 0.300000
v 12.204994 3.025000 0.440000
v 12.206582 0.542413 0.300000
v 12.206582 0.542413 0.440000
v 12.206582 0.657587 0.300000
v 12.206582 0.657587 0.440000
v 12.211000 0.343301 0.000000
v 12.211000 0.343301 0.300000
v 12.211000 3.156699 0.000000
v 12.211000 3.156699 0.300000
v 12.221356 0.335355 0.000000
v 12.221356 0.335355 0.300000
v 12.221356 3.164645 0.000000
v 12.221356 3.164645 0.300000
v 12.228809 0.488750 0.300000
v 12.228809 0.488750 0.440000
v 12.228809 0.711250 0.300000
v 12.228809 0.711250 0.440000
v 12.229302 0.325000 0.000000
v 12.229302 0.325000 0.300000
v 12.229302 3.175000 0.000000
v 12.229302 3.175000 0.300000
v 12.234297 0.312941 0.000000
v 12.234297 0.312941 0.300000
v 12.234297 3.187059 0.000000
v 12.234297 3.187059 0.300000
v 12.236000 0.300000 0.000000
v 12.236000 0.300000 0.300000
v 12.236000 3.200000 0.000000
v 12.236000 3.200000 0.300000
v 12.244724 2.723223 0.300000
v 12.244724 2.723223 0.440000
v 12.244724 3.076777 0.300000
v 12.244724 3.076777 0.440000
v 12.264169 0.442669 0.300000
v 12.264169 0.442669 0.440000
v 12.264169 0.757331 0.300000
v 12.264169 0.757331 0.440000
v 12.296500 2.683494 0.300000
v 12.296500 2.683494 0.440000
v 12.296500 3.116506 0.300000
v 12.296500 3.116506 0.440000
v 12.310250 0.407309 0.300000
v 12.310250 0.407309 0.440000
v 12.310250 0.792691 0.300000
v 12.310250 0.792691 0.440000
v 12.331500 0.600000 0.000000
v 12.331500 0.600000 0.440000
v 12.331500 2.900000 0.000000
v 12.331500 2.900000 0.440000
v 12.334567 0.576706 0.000000
v 12.334567 0.576706 0.440000
v 12.334567 0.623294 0.000000
v 12.334567 0.623294 0.440000
v 12.334567 2.876706 0.000000
v 12.334567 2.876706 0.440000
v 12.334567 2.923294 0.000000
v 12.334567 2.923294 0.440000
v 12.343558 0.555000 0.000000
v 12.343558 0.555000 0.440000
v 12.343558 0.645000 0.000000
v 12.343558 0.645000 0.440000
v 12.343558 2.855000 0.000000
v 12.343558 2.855000 0.440000
v 12.343558 2.945000 0.000000
v 12.343558 2.945000 0.440000
v 12.356796 2.658519 0.300000
v 12.356796 2.658519 0.440000
v 12.356796 3.141481 0.300000
v 12.356796 3.141481 0.440000
v 12.357861 0.536360 0.000000
v 12.357861 0.536360 0.440000
v 12.357861 0.663640 0.000000
v 12.357861 0.663640 0.440000
v 12.357861 2.836360 0.000000
v 12.357861 2.836360 0.440000
v 12.357861 2.963640 0.000000
v 12.357861 2.963640 0.440000
v 12.363913 0.385082 0.300000
v 12.363913 0.385082 0.440000
v 12.363913 0.814919 0.300000
v 12.363913 0.814919 0.440000
v 12.376500 0.522058 0.000000
v 12.376500 0.522058 0.440000
v 12.376500 0.677942 0.000000
v 12.376500 0.677942 0.440000
v 12.376500 2.822058 0.000000
v 12.376500 2.822058 0.440000
v 12.376500 2.977942 0.000000
v 12.376500 2.977942 0.440000
v 12.398206 0.513067 0.000000
v 12.398206 0.513067 0.440000
v 12.398206 0.686933 0.000000
v 12.398206 0.686933 0.440000
v 12.398206 2.813067 0.000000
v 12.398206 2.813067 0.440000
v 12.398206 2.986933 0.000000
v 12.398206 2.986933 0.440000
v 12.421500 0.300000 0.000000
v 12.421500 0.300000 0.300000
v 12.421500 0.377500 0.300000
v 12.421500 0.377500 0.440000
v 12.421500 0.510000 0.000000
v 12.421500 0.510000 0.440000
v 12.421500 0.690000 0.000000
v 12.421500 0.690000 0.440000
v 12.421500 0.822500 0.300000
v 12.421500 0.822500 0.440000
v 12.421500 0.900000 0.000000
v 12.421500 0.900000 0.300000
v 12.421500 2.600000 0.000000
v 12.421500 2.600000 0.300000
v 12.421500 2.650000 0.300000
v 12.421500 2.650000 0.440000
v 12.421500 2.755000 0.300000
v 12.421500 2.755000 0.440000
v 12.421500 2.810000 0.000000
v 12.421500 2.810000 0.440000
v 12.421500 2.990000 0.000000
v 12.421500 2.990000 0.440000
v 12.421500 3.150000 0.300000
v 12.421500 3.150000 0.440000
v 12.421500 3.200000 0.000000
v 12.421500 3.200000 0.300000
v 12.444794 0.513067 0.000000
v 12.444794 0.513067 0.440000
v 12.444794 0.686933 0.000000
v 12.444794 0.686933 0.440000
v 12.444794 2.813067 0.000000
v 12.444794 2.813067 0.440000
v 12.444794 2.986933 0.000000
v 12.444794 2.986933 0.440000
v 12.459029 2.759941 0.300000
v 12.459029 2.759941 0.440000
v 12.466500 0.522058 0.000000
v 12.466500 0.522058 0.440000
v 12.466500 0.677942 0.000000
v 12.466500 0.677942 0.440000
v 12.466500 2.822058 0.000000
v 12.466500 2.822058 0.440000
v 12.466500 2.977942 0.000000
v 12.466500 2.977942 0.440000
v 12.479087 0.385082 0.300000
v 12.479087 0.385082 0.440000
v 12.479087 0.814919 0.300000
v 12.479087 0.814919 0.440000
v 12.485140 0.536360 0.000000
v 12.485140 0.536360 0.440000
v 12.485140 0.663640 0.000000
v 12.485140 0.663640 0.440000
v 12.485140 2.836360 0.000000
v 12.485140 2.836360 0.440000
v 12.485140 2.963640 0.000000
v 12.485140 2.963640 0.440000
v 12.486205 3.141481 0.300000
v 12.486205 3.141481 0.440000
v 12.494000 2.774426 0.300000
v 12.494000 2.774426 0.440000
v 12.499146 0.310222 0.000000
v 12.499146 0.310222 0.300000
v 12.499146 0.889778 0.000000
v 12.499146 0.889778 0.300000
v 12.499146 2.610222 0.000000
v 12.499146 2.610222 0.300000
v 12.499146 3.189778 0.000000
v 12.499146 3.189778 0.300000
v 12.499442 0.555000 0.000000
v 12.499442 0.555000 0.440000
v 12.499442 0.645000 0.000000
v 12.499442 0.645000 0.440000
v 12.499442 2.855000 0.000000
v 12.499442 2.855000 0.440000
v 12.499442 2.945000 0.000000
v 12.499442 2.945000 0.440000
v 12.508434 0.576706 0.000000
v 12.508434 0.576706 0.440000
v 12.508434 0.623294 0.000000
v 12.508434 0.623294 0.440000
v 12.508434 2.876706 0.000000
v 12.508434 2.876706 0.440000
v 12.508434 2.923294 0.000000
v 12.508434 2.923294 0.440000
v 12.511500 0.600000 0.000000
v 12.511500 0.600000 0.440000
v 12.511500 2.900000 0.000000
v 12.511500 2.900000 0.440000
v 12.524030 2.797470 0.300000
v 12.524030 2.797470 0.440000
v 12.532750 0.407309 0.300000
v 12.532750 0.407309 0.440000
v 12.532750 0.792691 0.300000
v 12.532750 0.792691 0.440000
v 12.546500 3.116506 0.300000
v 12.546500 3.116506 0.440000
v 12.547074 2.827500 0.300000
v 12.547074 2.827500 0.440000
v 12.561559 2.862471 0.300000
v 12.561559 2.862471 0.440000
v 12.566500 2.900000 0.300000
v 12.566500 2.900000 0.440000
v 12.571500 0.340192 0.000000
v 12.571500 0.340192 0.300000
v 12.571500 0.859808 0.000000
v 12.571500 0.859808 0.300000
v 12.571500 2.640192 0.000000
v 12.571500 2.640192 0.300000
v 12.571500 3.159808 0.000000
v 12.571500 3.159808 0.300000
v 12.578832 0.442669 0.300000
v 12.578832 0.442669 0.440000
v 12.578832 0.757331 0.300000
v 12.578832 0.757331 0.440000
v 12.598277 3.076777 0.300000
v 12.598277 3.076777 0.440000
v 12.614191 0.488750 0.300000
v 12.614191 0.488750 0.440000
v 12.614191 0.711250 0.300000
v 12.614191 0.711250 0.440000
v 12.633632 0.387868 0.000000
v 12.633632 0.387868 0.300000
v 12.633632 0.812132 0.000000
v 12.633632 0.812132 0.300000
v 12.633632 2.687868 0.000000
v 12.633632 2.687868 0.300000
v 12.633632 3.112132 0.000000
v 12.633632 3.112132 0.300000
v 12.636418 0.542413 0.300000
v 12.636418 0.542413 0.440000
v 12.636418 0.657587 0.300000
v 12.636418 0.657587 0.440000
v 12.638007 3.025000 0.300000
v 12.638007 3.025000 0.440000
v 12.644000 0.600000 0.300000
v 12.644000 0.600000 0.440000
v 12.662982 2.964705 0.300000
v 12.662982 2.964705 0.440000
v 12.671500 2.900000 0.300000
v 12.671500 2.900000 0.440000
v 12.681308 0.450000 0.000000
v 12.681308 0.450000 0.300000
v 12.681308 0.750000 0.000000
v 12.681308 0.750000 0.300000
v 12.681308 2.750000 0.000000
v 12.681308 2.750000 0.300000
v 12.681308 3.050000 0.000000
v 12.681308 3.050000 0.300000
v 12.711278 0.522354 0.000000
v 12.711278 0.522354 0.300000
v 12.711278 0.677646 0.000000
v 12.711278 0.677646 0.300000
v 12.711278 2.822354 0.000000
v 12.711278 2.822354 0.300000
v 12.711278 2.977646 0.000000
v 12.711278 2.977646 0.300000
v 12.721500 0.600000 0.000000
v 12.721500 0.600000 0.300000
v 12.721500 2.900000 0.000000
v 12.721500 2.900000 0.300000
f 3116 3209 3115
f 3209 3116 3210
f 3210 3251 3209
f 3251 3210 3252
f 3252 3293 3251
f 3293 3252 3294
f 3294 3311 3293
f 3311 3294 3312
f 3311 3332 3331
f 3332 3311 3312
f 3331 3340 3339
f 3340 3331 3332
f 3339 3344 3343
f 3344 3339 3340
f 3341 3334 3333
f 3334 3341 3342
f 3333 3326 3325
f 3326 3333 3334
f 3325 3306 3305
f 3306 3325 3326
f 3306 3287 3305
f 3287 3306 3288
f 3288 3245 3287
f 3245 3288 3246
f 3246 3185 3245
f 3185 3246 3186
f 3186 3113 3185
f 3113 3186 3114
f 3110 3113 3114
f 3113 3110 3109
f 3106 3109 3110
f 3109 3106 3105
f 3098 3105 3106
f 3105 3098 3097
f 3098 3093 3097
f 3093 3098 3094
f 3094 3079 3093
f 3079 3094 3080
f 3080 3071 3079
f 3071 3080 3072
f 3072 3057 3071
f 3057 3072 3058
f 3058 3047 3057
f 3047 3058 3048
f 3048 3039 3047
f 3039 3048 3040
f 3039 3032 3031
f 3032 3039 3040
f 3031 3024 3023
f 3024 3031 3032
f 3023 3016 3015
f 3016 3023 3024
f 3015 3022 3021
f 3022 3015 3017
f 3017 3015 3016
f 3021 3030 3029
f 3030 3021 3022
f 3029 3038 3037
f 3038 3029 3030
f 3038 3045 3037
f 3045 3038 3046
f 3046 3055 3045
f 3055 3046 3056
f 3056 3069 3055
f 3069 3056 3070
f 3069 3068 3067
f 3068 3069 3070
f 3068 2949 3067
f 2949 3068 2950
f 2952 2949 2950
f 2949 2952 2951
f 2952 2961 2951
f 2961 2952 2962
f 2962 2969 2961
f 2969 2962 2970
f 2970 2977 2969
f 2977 2970 2978
f 2986 2977 2978
f 2977 2986 2985
f 2998 2985 2986
f 2985 2998 2997
f 3007 2997 2998
f 2997 3007 3005
f 3005 3007 3006
f 3000 3005 3006
f 3005 3000 2999
f 2988 2999 3000
f 2999 2988 2987
f 2980 2987 2988
f 2987 2980 2979
f 2980 2971 2979
f 2971 2980 2972
f 2972 2963 2971
f 2963 2972 2964
f 2964 2953 2963
f 2953 2964 2954
f 2954 2945 2953
f 2945 2954 2946
f 2946 2941 2945
f 2941 2946 2942
f 2942 2933 2941
f 2933 2942 2934
f 2933 2930 2929
f 2930 2933 2934
f 2929 2926 2925
f 2926 2929 2930
f 2925 2922 2921
f 2922 2925 2926
f 2922 2903 2921
f 2903 2922 2904
f 2906 2903 2904
f 2903 2906 2905
f 1911 1910 1909
f 1910 1911 1912
f 1910 1793 1909
f 1793 1910 1794
f 1796 1793 1794
f 1793 1796 1795
f 1796 1805 1795
f 1805 1796 1806
f 1806 1813 1805
f 1813 1806 1814
f 1814 1821 1813
f 1821 1814 1822
f 1834 1821 1822
f 1821 1834 1833
f 1842 1833 1834
f 1833 1842 1841
f 1851 1841 1842
f 1841 1851 1849
f 1849 1851 1850
f 1844 1849 1850
f 1849 1844 1843
f 1836 1843 1844
f 1843 1836 1835
f 1824 1835 1836
f 1835 1824 1823
f 1824 1815 1823
f 1815 1824 1816
f 1816 1807 1815
f 1807 1816 1808
f 1808 1797 1807
f 1797 1808 1798
f 1798 1789 1797
f 1789 1798 1790
f 1790 1785 1789
f 1785 1790 1786
f 1786 1781 1785
f 1781 1786 1782
f 1781 1778 1777
f 1778 1781 1782
f 1777 1774 1773
f 1774 1777 1778
f 1773 1770 1769
f 1770 1773 1774
f 1769 1754 1753
f 1754 1769 1770
f 953 952 951
f 952 953 954
f 931 952 930
f 952 975 951
f 975 952 976
f 976 952 931
f 975 980 979
f 980 975 976
f 979 984 983
f 984 979 980
f 983 988 987
f 988 983 984
f 988 991 987
f 991 988 992
f 992 995 991
f 995 992 996
f 996 1001 995
f 1001 996 1002
f 1001 1000 999
f 1000 1001 1002
f 1000 875 999
f 875 1000 876
f 874 875 876
f 875 874 873
f 874 885 873
f 885 874 886
f 886 897 885
f 897 886 898
f 898 905 897
f 905 898 906
f 914 905 906
f 905 914 913
f 922 913 914
f 913 922 921
f 931 921 922
f 921 931 929
f 929 931 930
f 924 929 930
f 929 924 923
f 916 923 924
f 923 916 915
f 908 915 916
f 915 908 907
f 908 899 907
f 899 908 900
f 900 887 899
f 887 900 888
f 888 877 887
f 877 888 878
f 878 869 877
f 869 878 870
f 870 865 869
f 865 870 866
f 866 861 865
f 861 866 862
f 861 858 857
f 858 861 862
f 857 854 853
f 854 857 858
f 853 846 845
f 846 853 854
f 846 725 845
f 725 846 726
f 726 685 725
f 685 726 686
f 686 649 685
f 649 686 650
f 650 625 649
f 625 650 626
f 606 625 626
f 625 606 605
f 598 605 606
f 605 598 597
f 594 597 598
f 597 594 593
f 604 595 596
f 595 604 603
f 612 603 604
f 603 612 611
f 632 611 612
f 611 632 631
f 632 655 631
f 655 632 656
f 656 691 655
f 691 656 692
f 692 747 691
f 747 692 748
f 748 847 747
f 847 748 848
f 847 856 855
f 856 847 848
f 855 860 859
f 860 855 856
f 859 864 863
f 864 859 860
f 864 867 863
f 867 864 868
f 868 871 867
f 871 868 872
f 872 883 871
f 883 872 884
f 884 889 883
f 889 884 890
f 890 901 889
f 901 890 902
f 902 909 901
f 909 902 910
f 918 909 910
f 909 918 917
f 926 917 918
f 917 926 925
f 933 925 926
f 925 933 932
f 928 933 934
f 933 928 932
f 932 928 927
f 920 927 928
f 927 920 919
f 912 919 920
f 919 912 911
f 912 903 911
f 903 912 904
f 904 891 903
f 891 904 892
f 892 879 891
f 879 892 880
f 882 879 880
f 879 882 881
f 882 1005 881
f 1005 882 1006
f 1005 1004 1003
f 1004 1005 1006
f 1004 997 1003
f 997 1004 998
f 998 993 997
f 993 998 994
f 994 989 993
f 989 994 990
f 989 986 985
f 986 989 990
f 985 982 981
f 982 985 986
f 981 978 977
f 978 981 982
f 957 956 955
f 956 957 958
f 2902 2899 2900
f 2899 2902 2901
f 2902 2923 2901
f 2923 2902 2924
f 2923 2928 2927
f 2928 2923 2924
f 2927 2932 2931
f 2932 2927 2928
f 2931 2936 2935
f 2936 2931 2932
f 2936 2943 2935
f 2943 2936 2944
f 2944 2947 2943
f 2947 2944 2948
f 2948 2955 2947
f 2955 2948 2956
f 2956 2965 2955
f 2965 2956 2966
f 2966 2973 2965
f 2973 2966 2974
f 2974 2981 2973
f 2981 2974 2982
f 2990 2981 2982
f 2981 2990 2989
f 3002 2989 2990
f 2989 3002 3001
f 3009 3001 3002
f 3001 3009 3008
f 3004 3009 3010
f 3009 3004 3008
f 3008 3004 3003
f 2992 3003 3004
f 3003 2992 2991
f 2984 2991 2992
f 2991 2984 2983
f 2984 2975 2983
f 2975 2984 2976
f 2976 2967 2975
f 2967 2976 2968
f 2968 2957 2967
f 2957 2968 2958
f 2960 2957 2958
f 2957 2960 2959
f 2960 3077 2959
f 3077 2960 3078
f 3077 3076 3075
f 3076 3077 3078
f 3076 3061 3075
f 3061 3076 3062
f 3062 3051 3061
f 3051 3062 3052
f 3052 3043 3051
f 3043 3052 3044
f 3043 3036 3035
f 3036 3043 3044
f 3035 3028 3027
f 3028 3035 3036
f 3027 3019 3018
f 3019 3027 3020
f 3020 3027 3028
f 3018 3026 3025
f 3026 3018 3019
f 3025 3034 3033
f 3034 3025 3026
f 3033 3042 3041
f 3042 3033 3034
f 3042 3049 3041
f 3049 3042 3050
f 3050 3059 3049
f 3059 3050 3060
f 3060 3073 3059
f 3073 3060 3074
f 3074 3081 3073
f 3081 3074 3082
f 3082 3095 3081
f 3095 3082 3096
f 3096 3099 3095
f 3099 3096 3100
f 3108 3099 3100
f 3099 3108 3107
f 3112 3107 3108
f 3107 3112 3111
f 3116 3111 3112
f 3111 3116 3115
f 2164 2167 2168
f 2167 2164 2163
f 2160 2163 2164
f 2163 2160 2159
f 2160 2089 2159
f 2089 2160 2090
f 2090 2031 2089
f 2031 2090 2032
f 2032 1959 2031
f 1959 2032 1960
f 1960 1861 1959
f 1861 1960 1862
f 1862 1857 1861
f 1857 1862 1858
f 1858 1831 1857
f 1831 1858 1832
f 1832 1767 1831
f 1767 1832 1768
f 1768 1763 1767
f 1763 1768 1764
f 1764 1751 1763
f 1751 1764 1752
f 1752 1747 1751
f 1747 1752 1748
f 1747 1744 1743
f 1744 1747 1748
f 1743 1740 1739
f 1740 1743 1744
f 1739 1736 1735
f 1736 1739 1740
f 1735 1732 1731
f 1732 1735 1736
f 1731 1728 1727
f 1728 1731 1732
f 1727 1724 1723
f 1724 1727 1728
f 1723 1720 1719
f 1720 1723 1724
f 1719 1722 1721
f 1722 1719 1720
f 1721 1726 1725
f 1726 1721 1722
f 1725 1730 1729
f 1730 1725 1726
f 1729 1734 1733
f 1734 1729 1730
f 1733 1738 1737
f 1738 1733 1734
f 1737 1742 1741
f 1742 1737 1738
f 1741 1746 1745
f 1746 1741 1742
f 1746 1749 1745
f 1749 1746 1750
f 1750 1761 1749
f 1761 1750 1762
f 1762 1765 1761
f 1765 1762 1766
f 1766 1829 1765
f 1829 1766 1830
f 1830 1855 1829
f 1855 1830 1856
f 1856 1859 1855
f 1859 1856 1860
f 1860 1957 1859
f 1957 1860 1958
f 1958 2029 1957
f 2029 1958 2030
f 2030 2087 2029
f 2087 2030 2088
f 2088 2157 2087
f 2157 2088 2158
f 2162 2157 2158
f 2157 2162 2161
f 2166 2161 2162
f 2161 2166 2165
f 2170 2165 2166
f 2165 2170 2169
f 2174 2169 2170
f 2169 2174 2173
f 2178 2173 2174
f 2173 2178 2177
f 2182 2177 2178
f 2177 2182 2181
f 2186 2181 2182
f 2181 2186 2185
f 2184 2185 2186
f 2185 2184 2183
f 2180 2183 2184
f 2183 2180 2179
f 2176 2179 2180
f 2179 2176 2175
f 2172 2175 2176
f 2175 2172 2171
f 2168 2171 2172
f 2171 2168 2167
f 2717 2874 2873
f 2874 2717 2718
f 2878 2873 2874
f 2873 2878 2877
f 2882 2877 2878
f 2877 2882 2881
f 2886 2881 2882
f 2881 2886 2885
f 2890 2885 2886
f 2885 2890 2889
f 2894 2889 2890
f 2889 2894 2893
f 2898 2893 2894
f 2893 2898 2897
f 2896 2897 2898
f 2897 2896 2895
f 2892 2895 2896
f 2895 2892 2891
f 2888 2891 2892
f 2891 2888 2887
f 2884 2887 2888
f 2887 2884 2883
f 2880 2883 2884
f 2883 2880 2879
f 2876 2879 2880
f 2879 2876 2875
f 2876 2719 2875
f 2719 2876 2720
f 2719 2692 2691
f 2692 2719 2720
f 2691 2664 2663
f 2664 2691 2692
f 2663 2644 2643
f 2644 2663 2664
f 2643 2624 2623
f 2624 2643 2644
f 2623 2604 2603
f 2604 2623 2624
f 2603 2600 2599
f 2600 2603 2604
f 2599 2602 2601
f 2602 2599 2600
f 2601 2622 2621
f 2622 2601 2602
f 2621 2642 2641
f 2642 2621 2622
f 2641 2662 2661
f 2662 2641 2642
f 2661 2690 2689
f 2690 2661 2662
f 2689 2718 2717
f 2718 2689 2690
f 2710 2721 2709
f 2721 2710 2722
f 2721 2730 2729
f 2730 2721 2722
f 2729 2738 2737
f 2738 2729 2730
f 2737 2746 2745
f 2746 2737 2738
f 2746 2753 2745
f 2753 2746 2754
f 2754 2761 2753
f 2761 2754 2762
f 2762 2769 2761
f 2769 2762 2770
f 2770 2785 2769
f 2785 2770 2786
f 2786 2801 2785
f 2801 2786 2802
f 2802 2817 2801
f 2817 2802 2818
f 2834 2817 2818
f 2817 2834 2833
f 2850 2833 2834
f 2833 2850 2849
f 2866 2849 2850
f 2849 2866 2865
f 2852 2865 2866
f 2865 2852 2851
f 2836 2851 2852
f 2851 2836 2835
f 2820 2835 2836
f 2835 2820 2819
f 2820 2803 2819
f 2803 2820 2804
f 2804 2787 2803
f 2787 2804 2788
f 2788 2771 2787
f 2771 2788 2772
f 2774 2771 2772
f 2771 2774 2773
f 2774 2789 2773
f 2789 2774 2790
f 2790 2805 2789
f 2805 2790 2806
f 2806 2821 2805
f 2821 2806 2822
f 2838 2821 2822
f 2821 2838 2837
f 2854 2837 2838
f 2837 2854 2853
f 2868 2853 2854
f 2853 2868 2867
f 2856 2867 2868
f 2867 2856 2855
f 2840 2855 2856
f 2855 2840 2839
f 2824 2839 2840
f 2839 2824 2823
f 2824 2807 2823
f 2807 2824 2808
f 2808 2791 2807
f 2791 2808 2792
f 2792 2775 2791
f 2775 2792 2776
f 2776 2763 2775
f 2763 2776 2764
f 2764 2755 2763
f 2755 2764 2756
f 2756 2747 2755
f 2747 2756 2748
f 2747 2740 2739
f 2740 2747 2748
f 2739 2732 2731
f 2732 2739 2740
f 2731 2724 2723
f 2724 2731 2732
f 2724 2711 2723
f 2711 2724 2712
f 2704 2711 2712
f 2711 2704 2703
f 2696 2703 2704
f 2703 2696 2695
f 2684 2695 2696
f 2695 2684 2683
f 2684 2675 2683
f 2675 2684 2676
f 2676 2667 2675
f 2667 2676 2668
f 2668 2651 2667
f 2651 2668 2652
f 2652 2631 2651
f 2631 2652 2632
f 2632 2611 2631
f 2611 2632 2612
f 2612 2589 2611
f 2589 2612 2590
f 2589 2574 2573
f 2574 2589 2590
f 2573 2558 2557
f 2558 2573 2574
f 2557 2546 2545
f 2546 2557 2558
f 2545 2556 2555
f 2556 2545 2546
f 2555 2572 2571
f 2572 2555 2556
f 2571 2588 2587
f 2588 2571 2572
f 2588 2609 2587
f 2609 2588 2610
f 2610 2629 2609
f 2629 2610 2630
f 2630 2649 2629
f 2649 2630 2650
f 2649 2648 2647
f 2648 2649 2650
f 2648 2627 2647
f 2627 2648 2628
f 2628 2607 2627
f 2607 2628 2608
f 2608 2585 2607
f 2585 2608 2586
f 2585 2570 2569
f 2570 2585 2586
f 2569 2554 2553
f 2554 2569 2570
f 2553 2544 2543
f 2544 2553 2554
f 2543 2552 2551
f 2552 2543 2544
f 2551 2568 2567
f 2568 2551 2552
f 2567 2584 2583
f 2584 2567 2568
f 2584 2605 2583
f 2605 2584 2606
f 2606 2625 2605
f 2625 2606 2626
f 2626 2645 2625
f 2645 2626 2646
f 2646 2665 2645
f 2665 2646 2666
f 2666 2673 2665
f 2673 2666 2674
f 2674 2681 2673
f 2681 2674 2682
f 2694 2681 2682
f 2681 2694 2693
f 2702 2693 2694
f 2693 2702 2701
f 2710 2701 2702
f 2701 2710 2709
f 2358 2365 2357
f 2365 2358 2366
f 2365 2374 2373
f 2374 2365 2366
f 2373 2382 2381
f 2382 2373 2374
f 2381 2390 2389
f 2390 2381 2382
f 2390 2397 2389
f 2397 2390 2398
f 2398 2405 2397
f 2405 2398 2406
f 2406 2413 2405
f 2413 2406 2414
f 2414 2429 2413
f 2429 2414 2430
f 2430 2445 2429
f 2445 2430 2446
f 2446 2461 2445
f 2461 2446 2462
f 2478 2461 2462
f 2461 2478 2477
f 2494 2477 2478
f 2477 2494 2493
f 2510 2493 2494
f 2493 2510 2509
f 2496 2509 2510
f 2509 2496 2495
f 2480 2495 2496
f 2495 2480 2479
f 2464 2479 2480
f 2479 2464 2463
f 2464 2447 2463
f 2447 2464 2448
f 2448 2431 2447
f 2431 2448 2432
f 2432 2415 2431
f 2415 2432 2416
f 2418 2415 2416
f 2415 2418 2417
f 2418 2433 2417
f 2433 2418 2434
f 2434 2449 2433
f 2449 2434 2450
f 2450 2465 2449
f 2465 2450 2466
f 2482 2465 2466
f 2465 2482 2481
f 2498 2481 2482
f 2481 2498 2497
f 2512 2497 2498
f 2497 2512 2511
f 2500 2511 2512
f 2511 2500 2499
f 2484 2499 2500
f 2499 2484 2483
f 2468 2483 2484
f 2483 2468 2467
f 2468 2451 2467
f 2451 2468 2452
f 2452 2435 2451
f 2435 2452 2436
f 2436 2419 2435
f 2419 2436 2420
f 2420 2407 2419
f 2407 2420 2408
f 2408 2399 2407
f 2399 2408 2400
f 2400 2391 2399
f 2391 2400 2392
f 2391 2384 2383
f 2384 2391 2392
f 2383 2376 2375
f 2376 2383 2384
f 2375 2368 2367
f 2368 2375 2376
f 2368 2359 2367
f 2359 2368 2360
f 2352 2359 2360
f 2359 2352 2351
f 2344 2351 2352
f 2351 2344 2343
f 2336 2343 2344
f 2343 2336 2335
f 2336 2327 2335
f 2327 2336 2328
f 2328 2319 2327
f 2319 2328 2320
f 2320 2307 2319
f 2307 2320 2308
f 2308 2291 2307
f 2291 2308 2292
f 2292 2275 2291
f 2275 2292 2276
f 2276 2259 2275
f 2259 2276 2260
f 2259 2244 2243
f 2244 2259 2260
f 2243 2228 2227
f 2228 2243 2244
f 2227 2216 2215
f 2216 2227 2228
f 2215 2226 2225
f 2226 2215 2216
f 2225 2242 2241
f 2242 2225 2226
f 2241 2258 2257
f 2258 2241 2242
f 2258 2273 2257
f 2273 2258 2274
f 2274 2289 2273
f 2289 2274 2290
f 2290 2305 2289
f 2305 2290 2306
f 2305 2304 2303
f 2304 2305 2306
f 2304 2287 2303
f 2287 2304 2288
f 2288 2271 2287
f 2271 2288 2272
f 2272 2255 2271
f 2255 2272 2256
f 2255 2240 2239
f 2240 2255 2256
f 2239 2224 2223
f 2224 2239 2240
f 2223 2214 2213
f 2214 2223 2224
f 2213 2222 2221
f 2222 2213 2214
f 2221 2238 2237
f 2238 2221 2222
f 2237 2254 2253
f 2254 2237 2238
f 2254 2269 2253
f 2269 2254 2270
f 2270 2285 2269
f 2285 2270 2286
f 2286 2301 2285
f 2301 2286 2302
f 2302 2317 2301
f 2317 2302 2318
f 2318 2325 2317
f 2325 2318 2326
f 2326 2333 2325
f 2333 2326 2334
f 2342 2333 2334
f 2333 2342 2341
f 2350 2341 2342
f 2341 2350 2349
f 2358 2349 2350
f 2349 2358 2357
f 2362 2369 2361
f 2369 2362 2370
f 2369 2378 2377
f 2378 2369 2370
f 2377 2386 2385
f 2386 2377 2378
f 2385 2394 2393
f 2394 2385 2386
f 2394 2401 2393
f 2401 2394 2402
f 2402 2409 2401
f 2409 2402 2410
f 2410 2421 2409
f 2421 2410 2422
f 2422 2437 2421
f 2437 2422 2438
f 2438 2453 2437
f 2453 2438 2454
f 2454 2469 2453
f 2469 2454 2470
f 2486 2469 2470
f 2469 2486 2485
f 2502 2485 2486
f 2485 2502 2501
f 2514 2501 2502
f 2501 2514 2513
f 2504 2513 2514
f 2513 2504 2503
f 2488 2503 2504
f 2503 2488 2487
f 2472 2487 2488
f 2487 2472 2471
f 2472 2455 2471
f 2455 2472 2456
f 2456 2439 2455
f 2439 2456 2440
f 2440 2423 2439
f 2423 2440 2424
f 2426 2423 2424
f 2423 2426 2425
f 2426 2441 2425
f 2441 2426 2442
f 2442 2457 2441
f 2457 2442 2458
f 2458 2473 2457
f 2473 2458 2474
f 2490 2473 2474
f 2473 2490 2489
f 2506 2489 2490
f 2489 2506 2505
f 2516 2505 2506
f 2505 2516 2515
f 2508 2515 2516
f 2515 2508 2507
f 2492 2507 2508
f 2507 2492 2491
f 2476 2491 2492
f 2491 2476 2475
f 2476 2459 2475
f 2459 2476 2460
f 2460 2443 2459
f 2443 2460 2444
f 2444 2427 2443
f 2427 2444 2428
f 2428 2411 2427
f 2411 2428 2412
f 2412 2403 2411
f 2403 2412 2404
f 2404 2395 2403
f 2395 2404 2396
f 2395 2388 2387
f 2388 2395 2396
f 2387 2380 2379
f 2380 2387 2388
f 2379 2372 2371
f 2372 2379 2380
f 2372 2363 2371
f 2363 2372 2364
f 2356 2363 2364
f 2363 2356 2355
f 2348 2355 2356
f 2355 2348 2347
f 2340 2347 2348
f 2347 2340 2339
f 2340 2331 2339
f 2331 2340 2332
f 2332 2323 2331
f 2323 2332 2324
f 2324 2315 2323
f 2315 2324 2316
f 2316 2299 2315
f 2299 2316 2300
f 2300 2283 2299
f 2283 2300 2284
f 2284 2267 2283
f 2267 2284 2268
f 2267 2252 2251
f 2252 2267 2268
f 2251 2236 2235
f 2236 2251 2252
f 2235 2220 2219
f 2220 2235 2236
f 2219 2234 2233
f 2234 2219 2220
f 2233 2250 2249
f 2250 2233 2234
f 2249 2266 2265
f 2266 2249 2250
f 2266 2281 2265
f 2281 2266 2282
f 2282 2297 2281
f 2297 2282 2298
f 2298 2313 2297
f 2313 2298 2314
f 2313 2312 2311
f 2312 2313 2314
f 2312 2295 2311
f 2295 2312 2296
f 2296 2279 2295
f 2279 2296 2280
f 2280 2263 2279
f 2263 2280 2264
f 2263 2248 2247
f 2248 2263 2264
f 2247 2232 2231
f 2232 2247 2248
f 2231 2218 2217
f 2218 2231 2232
f 2217 2230 2229
f 2230 2217 2218
f 2229 2246 2245
f 2246 2229 2230
f 2245 2262 2261
f 2262 2245 2246
f 2262 2277 2261
f 2277 2262 2278
f 2278 2293 2277
f 2293 2278 2294
f 2294 2309 2293
f 2309 2294 2310
f 2310 2321 2309
f 2321 2310 2322
f 2322 2329 2321
f 2329 2322 2330
f 2330 2337 2329
f 2337 2330 2338
f 2346 2337 2338
f 2337 2346 2345
f 2354 2345 2346
f 2345 2354 2353
f 2362 2353 2354
f 2353 2362 2361
f 2714 2725 2713
f 2725 2714 2726
f 2725 2734 2733
f 2734 2725 2726
f 2733 2742 2741
f 2742 2733 2734
f 2741 2750 2749
f 2750 2741 2742
f 2750 2757 2749
f 2757 2750 2758
f 2758 2765 2757
f 2765 2758 2766
f 2766 2777 2765
f 2777 2766 2778
f 2778 2793 2777
f 2793 2778 2794
f 2794 2809 2793
f 2809 2794 2810
f 2810 2825 2809
f 2825 2810 2826
f 2842 2825 2826
f 2825 2842 2841
f 2858 2841 2842
f 2841 2858 2857
f 2870 2857 2858
f 2857 2870 2869
f 2860 2869 2870
f 2869 2860 2859
f 2844 2859 2860
f 2859 2844 2843
f 2828 2843 2844
f 2843 2828 2827
f 2828 2811 2827
f 2811 2828 2812
f 2812 2795 2811
f 2795 2812 2796
f 2796 2779 2795
f 2779 2796 2780
f 2782 2779 2780
f 2779 2782 2781
f 2782 2797 2781
f 2797 2782 2798
f 2798 2813 2797
f 2813 2798 2814
f 2814 2829 2813
f 2829 2814 2830
f 2846 2829 2830
f 2829 2846 2845
f 2862 2845 2846
f 2845 2862 2861
f 2872 2861 2862
f 2861 2872 2871
f 2864 2871 2872
f 2871 2864 2863
f 2848 2863 2864
f 2863 2848 2847
f 2832 2847 2848
f 2847 2832 2831
f 2832 2815 2831
f 2815 2832 2816
f 2816 2799 2815
f 2799 2816 2800
f 2800 2783 2799
f 2783 2800 2784
f 2784 2767 2783
f 2767 2784 2768
f 2768 2759 2767
f 2759 2768 2760
f 2760 2751 2759
f 2751 2760 2752
f 2751 2744 2743
f 2744 2751 2752
f 2743 2736 2735
f 2736 2743 2744
f 2735 2728 2727
f 2728 2735 2736
f 2728 2715 2727
f 2715 2728 2716
f 2708 2715 2716
f 2715 2708 2707
f 2700 2707 2708
f 2707 2700 2699
f 2688 2699 2700
f 2699 2688 2687
f 2688 2679 2687
f 2679 2688 2680
f 2680 2671 2679
f 2671 2680 2672
f 2672 2659 2671
f 2659 2672 2660
f 2660 2639 2659
f 2639 2660 2640
f 2640 2619 2639
f 2619 2640 2620
f 2620 2597 2619
f 2597 2620 2598
f 2597 2582 2581
f 2582 2597 2598
f 2581 2566 2565
f 2566 2581 2582
f 2565 2550 2549
f 2550 2565 2566
f 2549 2564 2563
f 2564 2549 2550
f 2563 2580 2579
f 2580 2563 2564
f 2579 2596 2595
f 2596 2579 2580
f 2596 2617 2595
f 2617 2596 2618
f 2618 2637 2617
f 2637 2618 2638
f 2638 2657 2637
f 2657 2638 2658
f 2657 2656 2655
f 2656 2657 2658
f 2656 2635 2655
f 2635 2656 2636
f 2636 2615 2635
f 2615 2636 2616
f 2616 2593 2615
f 2593 2616 2594
f 2593 2578 2577
f 2578 2593 2594
f 2577 2562 2561
f 2562 2577 2578
f 2561 2548 2547
f 2548 2561 2562
f 2547 2560 2559
f 2560 2547 2548
f 2559 2576 2575
f 2576 2559 2560
f 2575 2592 2591
f 2592 2575 2576
f 2592 2613 2591
f 2613 2592 2614
f 2614 2633 2613
f 2633 2614 2634
f 2634 2653 2633
f 2653 2634 2654
f 2654 2669 2653
f 2669 2654 2670
f 2670 2677 2669
f 2677 2670 2678
f 2678 2685 2677
f 2685 2678 2686
f 2698 2685 2686
f 2685 2698 2697
f 2706 2697 2698
f 2697 2706 2705
f 2714 2705 2706
f 2705 2714 2713
f 1030 1337 1029
f 1337 1030 1338
f 1342 1337 1338
f 1337 1342 1341
f 1346 1341 1342
f 1341 1346 1345
f 1350 1345 1346
f 1345 1350 1349
f 1354 1349 1350
f 1349 1354 1353
f 1358 1353 1354
f 1353 1358 1357
f 1362 1357 1358
f 1357 1362 1361
f 1360 1361 1362
f 1361 1360 1359
f 1356 1359 1360
f 1359 1356 1355
f 1352 1355 1356
f 1355 1352 1351
f 1348 1351 1352
f 1351 1348 1347
f 1344 1347 1348
f 1347 1344 1343
f 1340 1343 1344
f 1343 1340 1339
f 1339 1032 1031
f 1032 1339 1340
f 1031 1028 1027
f 1028 1031 1032
f 1027 1024 1023
f 1024 1027 1028
f 1023 1020 1019
f 1020 1023 1024
f 1019 1016 1015
f 1016 1019 1020
f 1015 1012 1011
f 1012 1015 1016
f 1011 1008 1007
f 1008 1011 1012
f 1007 1010 1009
f 1010 1007 1008
f 1009 1014 1013
f 1014 1009 1010
f 1013 1018 1017
f 1018 1013 1014
f 1017 1022 1021
f 1022 1017 1018
f 1021 1026 1025
f 1026 1021 1022
f 1025 1030 1029
f 1030 1025 1026
f 1188 1179 1187
f 1179 1188 1180
f 1172 1179 1180
f 1179 1172 1171
f 1164 1171 1172
f 1171 1164 1163
f 1156 1163 1164
f 1163 1156 1155
f 1156 1147 1155
f 1147 1156 1148
f 1148 1139 1147
f 1139 1148 1140
f 1140 1127 1139
f 1127 1140 1128
f 1128 1111 1127
f 1111 1128 1112
f 1112 1095 1111
f 1095 1112 1096
f 1096 1079 1095
f 1079 1096 1080
f 1079 1064 1063
f 1064 1079 1080
f 1063 1048 1047
f 1048 1063 1064
f 1047 1036 1035
f 1036 1047 1048
f 1035 1046 1045
f 1046 1035 1036
f 1045 1062 1061
f 1062 1045 1046
f 1061 1078 1077
f 1078 1061 1062
f 1078 1093 1077
f 1093 1078 1094
f 1094 1109 1093
f 1109 1094 1110
f 1110 1125 1109
f 1125 1110 1126
f 1125 1124 1123
f 1124 1125 1126
f 1124 1107 1123
f 1107 1124 1108
f 1108 1091 1107
f 1091 1108 1092
f 1092 1075 1091
f 1075 1092 1076
f 1075 1060 1059
f 1060 1075 1076
f 1059 1044 1043
f 1044 1059 1060
f 1043 1034 1033
f 1034 1043 1044
f 1033 1042 1041
f 1042 1033 1034
f 1041 1058 1057
f 1058 1041 1042
f 1057 1074 1073
f 1074 1057 1058
f 1074 1089 1073
f 1089 1074 1090
f 1090 1105 1089
f 1105 1090 1106
f 1106 1121 1105
f 1121 1106 1122
f 1122 1137 1121
f 1137 1122 1138
f 1138 1145 1137
f 1145 1138 1146
f 1146 1153 1145
f 1153 1146 1154
f 1162 1153 1154
f 1153 1162 1161
f 1170 1161 1162
f 1161 1170 1169
f 1178 1169 1170
f 1169 1178 1177
f 1178 1185 1177
f 1185 1178 1186
f 1185 1194 1193
f 1194 1185 1186
f 1193 1202 1201
f 1202 1193 1194
f 1201 1210 1209
f 1210 1201 1202
f 1210 1217 1209
f 1217 1210 1218
f 1218 1225 1217
f 1225 1218 1226
f 1226 1233 1225
f 1233 1226 1234
f 1234 1249 1233
f 1249 1234 1250
f 1250 1265 1249
f 1265 1250 1266
f 1266 1281 1265
f 1281 1266 1282
f 1298 1281 1282
f 1281 1298 1297
f 1314 1297 1298
f 1297 1314 1313
f 1330 1313 1314
f 1313 1330 1329
f 1316 1329 1330
f 1329 1316 1315
f 1300 1315 1316
f 1315 1300 1299
f 1284 1299 1300
f 1299 1284 1283
f 1284 1267 1283
f 1267 1284 1268
f 1268 1251 1267
f 1251 1268 1252
f 1252 1235 1251
f 1235 1252 1236
f 1238 1235 1236
f 1235 1238 1237
f 1238 1253 1237
f 1253 1238 1254
f 1254 1269 1253
f 1269 1254 1270
f 1270 1285 1269
f 1285 1270 1286
f 1302 1285 1286
f 1285 1302 1301
f 1318 1301 1302
f 1301 1318 1317
f 1332 1317 1318
f 1317 1332 1331
f 1320 1331 1332
f 1331 1320 1319
f 1304 1319 1320
f 1319 1304 1303
f 1288 1303 1304
f 1303 1288 1287
f 1288 1271 1287
f 1271 1288 1272
f 1272 1255 1271
f 1255 1272 1256
f 1256 1239 1255
f 1239 1256 1240
f 1240 1227 1239
f 1227 1240 1228
f 1228 1219 1227
f 1219 1228 1220
f 1220 1211 1219
f 1211 1220 1212
f 1211 1204 1203
f 1204 1211 1212
f 1203 1196 1195
f 1196 1203 1204
f 1195 1188 1187
f 1188 1195 1196
f 1544 1535 1543
f 1535 1544 1536
f 1528 1535 1536
f 1535 1528 1527
f 1520 1527 1528
f 1527 1520 1519
f 1512 1519 1520
f 1519 1512 1511
f 1512 1503 1511
f 1503 1512 1504
f 1504 1495 1503
f 1495 1504 1496
f 1496 1483 1495
f 1483 1496 1484
f 1484 1467 1483
f 1467 1484 1468
f 1468 1451 1467
f 1451 1468 1452
f 1452 1435 1451
f 1435 1452 1436
f 1435 1420 1419
f 1420 1435 1436
f 1419 1404 1403
f 1404 1419 1420
f 1403 1392 1391
f 1392 1403 1404
f 1391 1402 1401
f 1402 1391 1392
f 1401 1418 1417
f 1418 1401 1402
f 1417 1434 1433
f 1434 1417 1418
f 1434 1449 1433
f 1449 1434 1450
f 1450 1465 1449
f 1465 1450 1466
f 1466 1481 1465
f 1481 1466 1482
f 1481 1480 1479
f 1480 1481 1482
f 1480 1463 1479
f 1463 1480 1464
f 1464 1447 1463
f 1447 1464 1448
f 1448 1431 1447
f 1431 1448 1432
f 1431 1416 1415
f 1416 1431 1432
f 1415 1400 1399
f 1400 1415 1416
f 1399 1390 1389
f 1390 1399 1400
f 1389 1398 1397
f 1398 1389 1390
f 1397 1414 1413
f 1414 1397 1398
f 1413 1430 1429
f 1430 1413 1414
f 1430 1445 1429
f 1445 1430 1446
f 1446 1461 1445
f 1461 1446 1462
f 1462 1477 1461
f 1477 1462 1478
f 1478 1493 1477
f 1493 1478 1494
f 1494 1501 1493
f 1501 1494 1502
f 1502 1509 1501
f 1509 1502 1510
f 1518 1509 1510
f 1509 1518 1517
f 1526 1517 1518
f 1517 1526 1525
f 1534 1525 1526
f 1525 1534 1533
f 1534 1541 1533
f 1541 1534 1542
f 1541 1550 1549
f 1550 1541 1542
f 1549 1558 1557
f 1558 1549 1550
f 1557 1566 1565
f 1566 1557 1558
f 1566 1573 1565
f 1573 1566 1574
f 1574 1581 1573
f 1581 1574 1582
f 1582 1589 1581
f 1589 1582 1590
f 1590 1605 1589
f 1605 1590 1606
f 1606 1621 1605
f 1621 1606 1622
f 1622 1637 1621
f 1637 1622 1638
f 1654 1637 1638
f 1637 1654 1653
f 1670 1653 1654
f 1653 1670 1669
f 1686 1669 1670
f 1669 1686 1685
f 1672 1685 1686
f 1685 1672 1671
f 1656 1671 1672
f 1671 1656 1655
f 1640 1655 1656
f 1655 1640 1639
f 1640 1623 1639
f 1623 1640 1624
f 1624 1607 1623
f 1607 1624 1608
f 1608 1591 1607
f 1591 1608 1592
f 1594 1591 1592
f 1591 1594 1593
f 1594 1609 1593
f 1609 1594 1610
f 1610 1625 1609
f 1625 1610 1626
f 1626 1641 1625
f 1641 1626 1642
f 1658 1641 1642
f 1641 1658 1657
f 1674 1657 1658
f 1657 1674 1673
f 1688 1673 1674
f 1673 1688 1687
f 1676 1687 1688
f 1687 1676 1675
f 1660 1675 1676
f 1675 1660 1659
f 1644 1659 1660
f 1659 1644 1643
f 1644 1627 1643
f 1627 1644 1628
f 1628 1611 1627
f 1611 1628 1612
f 1612 1595 1611
f 1595 1612 1596
f 1596 1583 1595
f 1583 1596 1584
f 1584 1575 1583
f 1575 1584 1576
f 1576 1567 1575
f 1567 1576 1568
f 1567 1560 1559
f 1560 1567 1568
f 1559 1552 1551
f 1552 1559 1560
f 1551 1544 1543
f 1544 1551 1552
f 1538 1545 1537
f 1545 1538 1546
f 1545 1554 1553
f 1554 1545 1546
f 1553 1562 1561
f 1562 1553 1554
f 1561 1570 1569
f 1570 1561 1562
f 1570 1577 1569
f 1577 1570 1578
f 1578 1585 1577
f 1585 1578 1586
f 1586 1597 1585
f 1597 1586 1598
f 1598 1613 1597
f 1613 1598 1614
f 1614 1629 1613
f 1629 1614 1630
f 1630 1645 1629
f 1645 1630 1646
f 1662 1645 1646
f 1645 1662 1661
f 1678 1661 1662
f 1661 1678 1677
f 1690 1677 1678
f 1677 1690 1689
f 1680 1689 1690
f 1689 1680 1679
f 1664 1679 1680
f 1679 1664 1663
f 1648 1663 1664
f 1663 1648 1647
f 1648 1631 1647
f 1631 1648 1632
f 1632 1615 1631
f 1615 1632 1616
f 1616 1599 1615
f 1599 1616 1600
f 1602 1599 1600
f 1599 1602 1601
f 1602 1617 1601
f 1617 1602 1618
f 1618 1633 1617
f 1633 1618 1634
f 1634 1649 1633
f 1649 1634 1650
f 1666 1649 1650
f 1649 1666 1665
f 1682 1665 1666
f 1665 1682 1681
f 1692 1681 1682
f 1681 1692 1691
f 1684 1691 1692
f 1691 1684 1683
f 1668 1683 1684
f 1683 1668 1667
f 1652 1667 1668
f 1667 1652 1651
f 1652 1635 1651
f 1635 1652 1636
f 1636 1619 1635
f 1619 1636 1620
f 1620 1603 1619
f 1603 1620 1604
f 1604 1587 1603
f 1587 1604 1588
f 1588 1579 1587
f 1579 1588 1580
f 1580 1571 1579
f 1571 1580 1572
f 1571 1564 1563
f 1564 1571 1572
f 1563 1556 1555
f 1556 1563 1564
f 1555 1548 1547
f 1548 1555 1556
f 1548 1539 1547
f 1539 1548 1540
f 1532 1539 1540
f 1539 1532 1531
f 1524 1531 1532
f 1531 1524 1523
f 1516 1523 1524
f 1523 1516 1515
f 1516 1507 1515
f 1507 1516 1508
f 1508 1499 1507
f 1499 1508 1500
f 1500 1491 1499
f 1491 1500 1492
f 1492 1475 1491
f 1475 1492 1476
f 1476 1459 1475
f 1459 1476 1460
f 1460 1443 1459
f 1443 1460 1444
f 1443 1428 1427
f 1428 1443 1444
f 1427 1412 1411
f 1412 1427 1428
f 1411 1396 1395
f 1396 1411 1412
f 1395 1410 1409
f 1410 1395 1396
f 1409 1426 1425
f 1426 1409 1410
f 1425 1442 1441
f 1442 1425 1426
f 1442 1457 1441
f 1457 1442 1458
f 1458 1473 1457
f 1473 1458 1474
f 1474 1489 1473
f 1489 1474 1490
f 1489 1488 1487
f 1488 1489 1490
f 1488 1471 1487
f 1471 1488 1472
f 1472 1455 1471
f 1455 1472 1456
f 1456 1439 1455
f 1439 1456 1440
f 1439 1424 1423
f 1424 1439 1440
f 1423 1408 1407
f 1408 1423 1424
f 1407 1394 1393
f 1394 1407 1408
f 1393 1406 1405
f 1406 1393 1394
f 1405 1422 1421
f 1422 1405 1406
f 1421 1438 1437
f 1438 1421 1422
f 1438 1453 1437
f 1453 1438 1454
f 1454 1469 1453
f 1469 1454 1470
f 1470 1485 1469
f 1485 1470 1486
f 1486 1497 1485
f 1497 1486 1498
f 1498 1505 1497
f 1505 1498 1506
f 1506 1513 1505
f 1513 1506 1514
f 1522 1513 1514
f 1513 1522 1521
f 1530 1521 1522
f 1521 1530 1529
f 1538 1529 1530
f 1529 1538 1537
f 1182 1189 1181
f 1189 1182 1190
f 1189 1198 1197
f 1198 1189 1190
f 1197 1206 1205
f 1206 1197 1198
f 1205 1214 1213
f 1214 1205 1206
f 1214 1221 1213
f 1221 1214 1222
f 1222 1229 1221
f 1229 1222 1230
f 1230 1241 1229
f 1241 1230 1242
f 1242 1257 1241
f 1257 1242 1258
f 1258 1273 1257
f 1273 1258 1274
f 1274 1289 1273
f 1289 1274 1290
f 1306 1289 1290
f 1289 1306 1305
f 1322 1305 1306
f 1305 1322 1321
f 1334 1321 1322
f 1321 1334 1333
f 1324 1333 1334
f 1333 1324 1323
f 1308 1323 1324
f 1323 1308 1307
f 1292 1307 1308
f 1307 1292 1291
f 1292 1275 1291
f 1275 1292 1276
f 1276 1259 1275
f 1259 1276 1260
f 1260 1243 1259
f 1243 1260 1244
f 1246 1243 1244
f 1243 1246 1245
f 1246 1261 1245
f 1261 1246 1262
f 1262 1277 1261
f 1277 1262 1278
f 1278 1293 1277
f 1293 1278 1294
f 1310 1293 1294
f 1293 1310 1309
f 1326 1309 1310
f 1309 1326 1325
f 1336 1325 1326
f 1325 1336 1335
f 1328 1335 1336
f 1335 1328 1327
f 1312 1327 1328
f 1327 1312 1311
f 1296 1311 1312
f 1311 1296 1295
f 1296 1279 1295
f 1279 1296 1280
f 1280 1263 1279
f 1263 1280 1264
f 1264 1247 1263
f 1247 1264 1248
f 1248 1231 1247
f 1231 1248 1232
f 1232 1223 1231
f 1223 1232 1224
f 1224 1215 1223
f 1215 1224 1216
f 1215 1208 1207
f 1208 1215 1216
f 1207 1200 1199
f 1200 1207 1208
f 1199 1192 1191
f 1192 1199 1200
f 1192 1183 1191
f 1183 1192 1184
f 1176 1183 1184
f 1183 1176 1175
f 1168 1175 1176
f 1175 1168 1167
f 1160 1167 1168
f 1167 1160 1159
f 1160 1151 1159
f 1151 1160 1152
f 1152 1143 1151
f 1143 1152 1144
f 1144 1135 1143
f 1135 1144 1136
f 1136 1119 1135
f 1119 1136 1120
f 1120 1103 1119
f 1103 1120 1104
f 1104 1087 1103
f 1087 1104 1088
f 1087 1072 1071
f 1072 1087 1088
f 1071 1056 1055
f 1056 1071 1072
f 1055 1040 1039
f 1040 1055 1056
f 1039 1054 1053
f 1054 1039 1040
f 1053 1070 1069
f 1070 1053 1054
f 1069 1086 1085
f 1086 1069 1070
f 1086 1101 1085
f 1101 1086 1102
f 1102 1117 1101
f 1117 1102 1118
f 1118 1133 1117
f 1133 1118 1134
f 1133 1132 1131
f 1132 1133 1134
f 1132 1115 1131
f 1115 1132 1116
f 1116 1099 1115
f 1099 1116 1100
f 1100 1083 1099
f 1083 1100 1084
f 1083 1068 1067
f 1068 1083 1084
f 1067 1052 1051
f 1052 1067 1068
f 1051 1038 1037
f 1038 1051 1052
f 1037 1050 1049
f 1050 1037 1038
f 1049 1066 1065
f 1066 1049 1050
f 1065 1082 1081
f 1082 1065 1066
f 1082 1097 1081
f 1097 1082 1098
f 1098 1113 1097
f 1113 1098 1114
f 1114 1129 1113
f 1129 1114 1130
f 1130 1141 1129
f 1141 1130 1142
f 1142 1149 1141
f 1149 1142 1150
f 1150 1157 1149
f 1157 1150 1158
f 1166 1157 1158
f 1157 1166 1165
f 1174 1165 1166
f 1165 1174 1173
f 1182 1173 1174
f 1173 1182 1181
f 2522 2517 2518
f 2517 2522 2521
f 2526 2521 2522
f 2521 2526 2525
f 2530 2525 2526
f 2525 2530 2529
f 2534 2529 2530
f 2529 2534 2533
f 2538 2533 2534
f 2533 2538 2537
f 2542 2537 2538
f 2537 2542 2541
f 2540 2541 2542
f 2541 2540 2539
f 2536 2539 2540
f 2539 2536 2535
f 2532 2535 2536
f 2535 2532 2531
f 2528 2531 2532
f 2531 2528 2527
f 2524 2527 2528
f 2527 2524 2523
f 2520 2523 2524
f 2523 2520 2519
f 1381 1386 1385
f 1386 1381 1382
f 1386 1693 1385
f 1693 1386 1694
f 1698 1693 1694
f 1693 1698 1697
f 1702 1697 1698
f 1697 1702 1701
f 1706 1701 1702
f 1701 1706 1705
f 1710 1705 1706
f 1705 1710 1709
f 1714 1709 1710
f 1709 1714 1713
f 1718 1713 1714
f 1713 1718 1717
f 1716 1717 1718
f 1717 1716 1715
f 1712 1715 1716
f 1715 1712 1711
f 1708 1711 1712
f 1711 1708 1707
f 1704 1707 1708
f 1707 1704 1703
f 1700 1703 1704
f 1703 1700 1699
f 1696 1699 1700
f 1699 1696 1695
f 1696 1387 1695
f 1387 1696 1388
f 1387 1384 1383
f 1384 1387 1388
f 1383 1380 1379
f 1380 1383 1384
f 1379 1376 1375
f 1376 1379 1380
f 1375 1372 1371
f 1372 1375 1376
f 1371 1368 1367
f 1368 1371 1372
f 1367 1364 1363
f 1364 1367 1368
f 1363 1366 1365
f 1366 1363 1364
f 1365 1370 1369
f 1370 1365 1366
f 1369 1374 1373
f 1374 1369 1370
f 1373 1378 1377
f 1378 1373 1374
f 1377 1382 1381
f 1382 1377 1378
f 622 624 616
f 624 622 638
f 624 638 640
f 640 638 646
f 640 646 648
f 648 646 662
f 648 662 664
f 664 662 668
f 668 662 674
f 674 662 706
f 674 706 682
f 682 706 698
f 698 706 714
f 714 706 740
f 714 740 722
f 722 740 742
f 742 740 770
f 742 770 754
f 754 770 762
f 762 770 778
f 778 770 810
f 778 810 786
f 786 810 798
f 798 810 804
f 664 676 708
f 676 664 668
f 708 676 684
f 708 684 700
f 708 700 716
f 708 716 746
f 746 716 724
f 746 724 744
f 746 744 756
f 746 756 772
f 772 756 764
f 772 764 780
f 772 780 812
f 812 780 788
f 812 788 800
f 812 800 804
f 812 804 810
f 812 810 822
f 812 822 824
f 824 822 830
f 824 830 832
f 832 830 838
f 832 838 840
f 840 838 844
f 658 670 666
f 670 658 702
f 670 702 678
f 678 702 694
f 694 702 710
f 710 702 728
f 710 728 718
f 718 728 730
f 730 728 750
f 750 728 766
f 750 766 758
f 758 766 774
f 774 766 806
f 774 806 782
f 782 806 794
f 794 806 802
f 802 806 808
f 808 806 820
f 820 806 818
f 820 818 828
f 828 818 826
f 828 826 836
f 836 826 834
f 836 834 842
f 618 620 614
f 620 618 634
f 620 634 636
f 636 634 644
f 644 634 642
f 644 642 660
f 660 642 658
f 660 658 666
f 660 666 672
f 660 672 704
f 704 672 680
f 704 680 696
f 704 696 712
f 704 712 734
f 734 712 720
f 734 720 732
f 734 732 768
f 768 732 752
f 768 752 760
f 768 760 776
f 768 776 808
f 808 776 784
f 808 784 796
f 808 796 802
f 3064 3066 3054
f 3066 3064 3086
f 3066 3086 3088
f 3088 3086 3118
f 3088 3118 3120
f 3120 3118 3126
f 3120 3126 3128
f 3128 3126 3154
f 3128 3154 3136
f 3136 3154 3142
f 3142 3154 3150
f 3150 3154 3162
f 3162 3154 3200
f 3162 3200 3174
f 3174 3200 3182
f 3182 3200 3204
f 3204 3200 3202
f 3204 3202 3220
f 3204 3220 3216
f 3216 3220 3226
f 3226 3220 3244
f 3226 3244 3238
f 3238 3244 3258
f 3258 3244 3274
f 3258 3274 3266
f 3266 3274 3272
f 3136 3156 3128
f 3156 3136 3144
f 3156 3144 3152
f 3156 3152 3164
f 3156 3164 3208
f 3208 3164 3176
f 3208 3176 3184
f 3208 3184 3206
f 3208 3206 3218
f 3208 3218 3242
f 3242 3218 3228
f 3242 3228 3240
f 3242 3240 3260
f 3242 3260 3280
f 3280 3260 3268
f 3280 3268 3272
f 3280 3272 3274
f 3280 3274 3282
f 3280 3282 3300
f 3300 3282 3286
f 3286 3282 3284
f 3300 3286 3324
f 3300 3324 3318
f 3318 3324 3322
f 3220 3201 3219
f 3201 3220 3202
f 3244 3219 3243
f 3219 3244 3220
f 3274 3243 3273
f 3243 3274 3244
f 3281 3274 3273
f 3274 3281 3282
f 3283 3282 3281
f 3282 3283 3284
f 3285 3284 3283
f 3284 3285 3286
f 3090 3092 3084
f 3092 3090 3102
f 3092 3102 3104
f 3104 3102 3122
f 3104 3122 3124
f 3124 3122 3130
f 3124 3130 3132
f 3132 3130 3134
f 3134 3130 3138
f 3138 3130 3166
f 3138 3166 3146
f 3146 3166 3158
f 3158 3166 3170
f 3170 3166 3188
f 3170 3188 3178
f 3178 3188 3190
f 3190 3188 3230
f 3190 3230 3212
f 3212 3230 3222
f 3222 3230 3234
f 3234 3230 3276
f 3234 3276 3254
f 3254 3276 3262
f 3262 3276 3270
f 3132 3140 3168
f 3140 3132 3134
f 3168 3140 3148
f 3168 3148 3160
f 3168 3160 3172
f 3168 3172 3194
f 3194 3172 3180
f 3194 3180 3192
f 3194 3192 3214
f 3194 3214 3232
f 3232 3214 3224
f 3232 3224 3236
f 3232 3236 3278
f 3278 3236 3256
f 3278 3256 3264
f 3278 3264 3270
f 3278 3270 3276
f 3278 3276 3296
f 3278 3296 3298
f 3298 3296 3302
f 3298 3302 3304
f 3304 3302 3314
f 3304 3314 3316
f 3316 3314 3320
f 3323 3286 3285
f 3286 3323 3324
f 3068 2952 2950
f 2952 3068 2962
f 2962 3068 2970
f 2970 3068 2978
f 2978 3068 2986
f 2986 3068 2998
f 2998 3068 3007
f 3007 3068 3022
f 3007 3022 3017
f 3022 3068 3030
f 3030 3068 3038
f 3038 3068 3046
f 3046 3068 3056
f 3056 3068 3070
f 3007 3016 3006
f 3016 3007 3017
f 876 886 874
f 886 876 1000
f 886 1000 898
f 898 1000 906
f 906 1000 914
f 914 1000 922
f 922 1000 931
f 931 1000 980
f 931 980 976
f 980 1000 984
f 984 1000 988
f 988 1000 992
f 992 1000 996
f 996 1000 1002
f 1910 1796 1794
f 1796 1910 1806
f 1806 1910 1814
f 1814 1910 1822
f 1822 1910 1834
f 1834 1910 1842
f 1842 1910 1851
f 1851 1910 1870
f 1851 1870 1865
f 1870 1910 1878
f 1878 1910 1886
f 1886 1910 1894
f 1894 1910 1902
f 1902 1910 1912
f 1851 1864 1850
f 1864 1851 1865
f 2968 2960 2958
f 2960 2968 3078
f 3078 2968 2976
f 3078 2976 2984
f 3078 2984 2992
f 3078 2992 3004
f 3078 3004 3010
f 3078 3010 3028
f 3028 3010 3020
f 3078 3028 3036
f 3078 3036 3044
f 3078 3044 3052
f 3078 3052 3062
f 3078 3062 3076
f 3020 3009 3019
f 3009 3020 3010
f 892 882 880
f 882 892 1006
f 1006 892 904
f 1006 904 912
f 1006 912 920
f 1006 920 928
f 1006 928 934
f 1006 934 982
f 982 934 978
f 1006 982 986
f 1006 986 990
f 1006 990 994
f 1006 994 998
f 1006 998 1004
f 978 957 977
f 957 978 958
f 958 978 933
f 933 978 934
f 2028 2059 2027
f 2059 2028 2060
f 2012 2027 2011
f 2027 2012 2028
f 1980 2011 1979
f 2011 1980 2012
f 1980 1967 1968
f 1967 1980 1979
f 1968 1955 1956
f 1955 1968 1967
f 1956 1947 1948
f 1947 1956 1955
f 1954 1956 1948
f 1956 1954 1966
f 1956 1966 1968
f 1968 1966 1978
f 1968 1978 1971
f 1971 1978 1985
f 1985 1978 2010
f 1985 2010 1993
f 1993 2010 2001
f 2001 2010 2017
f 2017 2010 2026
f 2017 2026 2037
f 2037 2026 2053
f 2037 2053 2054
f 2054 2053 2076
f 2054 2076 2067
f 2067 2076 2083
f 2083 2076 2096
f 2083 2096 2103
f 2103 2096 2128
f 2103 2128 2111
f 2111 2128 2119
f 2119 2128 2133
f 2133 2128 2140
f 1971 1980 1968
f 1980 1971 1987
f 1980 1987 2012
f 2012 1987 1995
f 2012 1995 2003
f 2012 2003 2019
f 2012 2019 2028
f 2028 2019 2039
f 2028 2039 2060
f 2060 2039 2056
f 2060 2056 2069
f 2060 2069 2078
f 2078 2069 2085
f 2078 2085 2098
f 2098 2085 2105
f 2098 2105 2130
f 2130 2105 2113
f 2130 2113 2121
f 2130 2121 2133
f 2130 2133 2142
f 2142 2133 2140
f 2142 2140 2148
f 2142 2148 2150
f 2150 2148 2156
f 2059 2077 2058
f 2077 2059 2078
f 2078 2059 2060
f 2078 2097 2077
f 2097 2078 2098
f 2098 2129 2097
f 2129 2098 2130
f 2129 2142 2141
f 2142 2129 2130
f 2141 2150 2149
f 2150 2141 2142
f 2149 2155 2154
f 2155 2149 2156
f 2156 2149 2150
f 2155 2148 2147
f 2148 2155 2156
f 2147 2140 2139
f 2140 2147 2148
f 2139 2128 2127
f 2128 2139 2140
f 2128 2095 2127
f 2095 2128 2096
f 2096 2075 2095
f 2075 2096 2076
f 2076 2052 2075
f 2052 2076 2053
f 2053 2025 2052
f 2025 2053 2026
f 2026 2009 2025
f 2009 2026 2010
f 2010 1977 2009
f 1977 2010 1978
f 1966 1977 1978
f 1977 1966 1965
f 1954 1965 1966
f 1965 1954 1953
f 1948 1953 1954
f 1953 1948 1947
f 2044 2022 2021
f 2022 2044 2045
f 1946 1949 1950
f 1949 1946 1945
f 1950 1961 1962
f 1961 1950 1949
f 1962 1973 1974
f 1973 1962 1961
f 2006 1973 2005
f 1973 2006 1974
f 2022 2005 2021
f 2005 2022 2006
f 1950 1952 1946
f 1952 1950 1962
f 1952 1962 1964
f 1964 1962 1974
f 1964 1974 1969
f 1969 1974 1981
f 1981 1974 2006
f 1981 2006 1989
f 1989 2006 1997
f 1997 2006 2013
f 2013 2006 2022
f 2013 2022 2033
f 2033 2022 2045
f 2033 2045 2046
f 2046 2045 2072
f 2046 2072 2063
f 2063 2072 2079
f 2079 2072 2092
f 2079 2092 2099
f 2099 2092 2124
f 2099 2124 2107
f 2107 2124 2115
f 2115 2124 2131
f 2131 2124 2136
f 1969 1976 1964
f 1976 1969 1983
f 1976 1983 2008
f 2008 1983 1991
f 2008 1991 1999
f 2008 1999 2015
f 2008 2015 2024
f 2024 2015 2035
f 2024 2035 2051
f 2051 2035 2048
f 2051 2048 2074
f 2074 2048 2065
f 2074 2065 2081
f 2074 2081 2094
f 2094 2081 2101
f 2094 2101 2126
f 2126 2101 2109
f 2126 2109 2117
f 2126 2117 2131
f 2126 2131 2138
f 2138 2131 2136
f 2138 2136 2144
f 2138 2144 2146
f 2146 2144 2153
f 1952 1945 1946
f 1945 1952 1951
f 1964 1951 1952
f 1951 1964 1963
f 1976 1963 1964
f 1963 1976 1975
f 1976 2007 1975
f 2007 1976 2008
f 2008 2023 2007
f 2023 2008 2024
f 2024 2050 2023
f 2050 2024 2051
f 2051 2073 2050
f 2073 2051 2074
f 2074 2093 2073
f 2093 2074 2094
f 2094 2125 2093
f 2125 2094 2126
f 2125 2138 2137
f 2138 2125 2126
f 2137 2146 2145
f 2146 2137 2138
f 2145 2153 2152
f 2153 2145 2146
f 2151 2144 2143
f 2144 2151 2153
f 2153 2151 2152
f 2143 2136 2135
f 2136 2143 2144
f 2135 2124 2123
f 2124 2135 2136
f 2124 2091 2123
f 2091 2124 2092
f 2092 2071 2091
f 2071 2092 2072
f 2071 2044 2043
f 2044 2071 2072
f 2044 2072 2045
f 608 599 600
f 599 608 607
f 600 593 594
f 593 600 599
f 596 601 602
f 601 596 595
f 602 609 610
f 609 602 601
f 3196 3247 3195
f 3247 3196 3248
f 3012 3195 3011
f 3195 3012 3196
f 2993 3012 3011
f 3012 2993 2994
f 2937 2994 2993
f 2994 2937 2938
f 2917 2938 2937
f 2938 2917 2918
f 2913 2918 2917
f 2918 2913 2914
f 2909 2914 2913
f 2914 2909 2910
f 2907 2910 2909
f 2910 2907 2908
f 2911 2908 2907
f 2908 2911 2912
f 2915 2912 2911
f 2912 2915 2916
f 2919 2916 2915
f 2916 2919 2920
f 2939 2920 2919
f 2920 2939 2940
f 2995 2940 2939
f 2940 2995 2996
f 3013 2996 2995
f 2996 3013 3014
f 3198 3013 3197
f 3013 3198 3014
f 3250 3197 3249
f 3197 3250 3198
f 3292 3249 3291
f 3249 3292 3250
f 3310 3291 3309
f 3291 3310 3292
f 3329 3310 3309
f 3310 3329 3330
f 3337 3330 3329
f 3330 3337 3338
f 3343 3338 3337
f 3338 3343 3344
f 3335 3342 3341
f 3342 3335 3336
f 3327 3336 3335
f 3336 3327 3328
f 3307 3328 3327
f 3328 3307 3308
f 3290 3307 3289
f 3307 3290 3308
f 3248 3289 3247
f 3289 3248 3290
f 2210 2517 2209
f 2517 2210 2518
f 2520 2211 2519
f 2211 2520 2212
f 2211 2208 2207
f 2208 2211 2212
f 2207 2204 2203
f 2204 2207 2208
f 2203 2200 2199
f 2200 2203 2204
f 2199 2196 2195
f 2196 2199 2200
f 2195 2192 2191
f 2192 2195 2196
f 2191 2188 2187
f 2188 2191 2192
f 2187 2190 2189
f 2190 2187 2188
f 2189 2194 2193
f 2194 2189 2190
f 2193 2198 2197
f 2198 2193 2194
f 2197 2202 2201
f 2202 2197 2198
f 2201 2206 2205
f 2206 2201 2202
f 2205 2210 2209
f 2210 2205 2206
f 736 789 735
f 789 736 790
f 688 735 687
f 735 688 736
f 652 687 651
f 687 652 688
f 628 651 627
f 651 628 652
f 628 607 608
f 607 628 627
f 610 629 630
f 629 610 609
f 654 629 653
f 629 654 630
f 690 653 689
f 653 690 654
f 738 689 737
f 689 738 690
f 792 737 791
f 737 792 738
f 816 791 815
f 791 816 792
f 852 815 851
f 815 852 816
f 896 851 895
f 851 896 852
f 938 895 937
f 895 938 896
f 942 937 941
f 937 942 938
f 942 945 946
f 945 942 941
f 946 949 950
f 949 946 945
f 950 961 962
f 961 950 949
f 962 965 966
f 965 962 961
f 966 969 970
f 969 966 965
f 970 973 974
f 973 970 969
f 974 971 972
f 971 974 973
f 972 967 968
f 967 972 971
f 968 963 964
f 963 968 967
f 964 959 960
f 959 964 963
f 960 947 948
f 947 960 959
f 948 943 944
f 943 948 947
f 944 939 940
f 939 944 943
f 936 939 935
f 939 936 940
f 894 935 893
f 935 894 936
f 850 893 849
f 893 850 894
f 814 849 813
f 849 814 850
f 790 813 789
f 813 790 814
f 1853 1845 1846
f 1845 1853 1852
f 1848 1853 1854
f 1853 1848 1852
f 1852 1848 1847
f 1840 1847 1848
f 1847 1840 1839
f 1828 1839 1840
f 1839 1828 1827
f 1828 1819 1827
f 1819 1828 1820
f 1820 1811 1819
f 1811 1820 1812
f 1812 1801 1811
f 1801 1812 1802
f 1804 1801 1802
f 1801 1804 1803
f 1804 1919 1803
f 1919 1804 1920
f 1919 1918 1917
f 1918 1919 1920
f 1918 1907 1917
f 1907 1918 1908
f 1908 1899 1907
f 1899 1908 1900
f 1900 1891 1899
f 1891 1900 1892
f 1891 1884 1883
f 1884 1891 1892
f 1883 1876 1875
f 1876 1883 1884
f 1875 1867 1866
f 1867 1875 1868
f 1868 1875 1876
f 1866 1874 1873
f 1874 1866 1867
f 1873 1882 1881
f 1882 1873 1874
f 1881 1890 1889
f 1890 1881 1882
f 1890 1897 1889
f 1897 1890 1898
f 1898 1905 1897
f 1905 1898 1906
f 1906 1915 1905
f 1915 1906 1916
f 1916 1923 1915
f 1923 1916 1924
f 1924 1927 1923
f 1927 1924 1928
f 1928 1931 1927
f 1931 1928 1932
f 1936 1931 1932
f 1931 1936 1935
f 1940 1935 1936
f 1935 1940 1939
f 1944 1939 1940
f 1939 1944 1943
f 1771 1776 1775
f 1776 1771 1772
f 1775 1780 1779
f 1780 1775 1776
f 1779 1784 1783
f 1784 1779 1780
f 1784 1787 1783
f 1787 1784 1788
f 1788 1791 1787
f 1791 1788 1792
f 1792 1799 1791
f 1799 1792 1800
f 1800 1809 1799
f 1809 1800 1810
f 1810 1817 1809
f 1817 1810 1818
f 1818 1825 1817
f 1825 1818 1826
f 1838 1825 1826
f 1825 1838 1837
f 1846 1837 1838
f 1837 1846 1845
f 1812 1804 1802
f 1804 1812 1920
f 1920 1812 1820
f 1920 1820 1828
f 1920 1828 1840
f 1920 1840 1848
f 1920 1848 1854
f 1920 1854 1876
f 1876 1854 1868
f 1920 1876 1884
f 1920 1884 1892
f 1920 1892 1900
f 1920 1900 1908
f 1920 1908 1918
f 1868 1853 1867
f 1853 1868 1854
f 1944 2061 1943
f 2061 1944 2062
f 1760 1771 1759
f 1771 1760 1772
f 3011 3023 3015
f 3023 3011 3031
f 3031 3011 3195
f 3031 3195 3039
f 3039 3195 3047
f 3047 3195 3057
f 3057 3195 3071
f 3071 3195 3079
f 3079 3195 3093
f 3093 3195 3097
f 3097 3195 3105
f 3105 3195 3109
f 3109 3195 3139
f 3109 3139 3113
f 3113 3139 3133
f 3139 3195 3147
f 3147 3195 3159
f 3159 3195 3171
f 3171 3195 3179
f 3179 3195 3191
f 3191 3195 3247
f 3191 3247 3213
f 3213 3247 3223
f 3223 3247 3235
f 3235 3247 3255
f 3255 3247 3289
f 3255 3289 3263
f 3263 3289 3269
f 3113 3137 3185
f 3137 3113 3133
f 3185 3137 3145
f 3185 3145 3157
f 3185 3157 3169
f 3185 3169 3177
f 3185 3177 3189
f 3185 3189 3211
f 3185 3211 3245
f 3245 3211 3221
f 3245 3221 3233
f 3245 3233 3253
f 3245 3253 3287
f 3287 3253 3261
f 3287 3261 3269
f 3287 3269 3289
f 3287 3289 3307
f 3287 3307 3305
f 3305 3307 3327
f 3305 3327 3325
f 3325 3327 3335
f 3325 3335 3333
f 3333 3335 3341
f 1053 1037 1039
f 1037 1053 1051
f 1051 1053 1069
f 1051 1069 1067
f 1067 1069 1085
f 1067 1085 1083
f 1083 1085 1101
f 1083 1101 1099
f 1099 1101 1115
f 1115 1101 1117
f 1115 1117 1131
f 1131 1117 1133
f 1045 1033 1035
f 1033 1045 1043
f 1043 1045 1061
f 1043 1061 1059
f 1059 1061 1077
f 1059 1077 1075
f 1075 1077 1093
f 1075 1093 1091
f 1091 1093 1107
f 1107 1093 1109
f 1107 1109 1123
f 1123 1109 1125
f 1029 1047 1035
f 1047 1029 1063
f 1063 1029 1079
f 1079 1029 1095
f 1095 1029 1111
f 1111 1029 1337
f 1111 1337 1127
f 1127 1337 1139
f 1139 1337 1147
f 1147 1337 1155
f 1155 1337 1163
f 1163 1337 1171
f 1171 1337 1179
f 1179 1337 1219
f 1179 1219 1211
f 1179 1211 1203
f 1179 1203 1195
f 1179 1195 1187
f 1219 1337 1227
f 1227 1337 1239
f 1239 1337 1255
f 1255 1337 1271
f 1271 1337 1287
f 1287 1337 1303
f 1303 1337 1319
f 1319 1337 1331
f 1331 1337 1329
f 1253 1235 1237
f 1235 1253 1251
f 1251 1253 1269
f 1251 1269 1267
f 1267 1269 1285
f 1267 1285 1283
f 1283 1285 1301
f 1283 1301 1299
f 1299 1301 1317
f 1299 1317 1315
f 1315 1317 1331
f 1315 1331 1329
f 1031 1113 1339
f 1113 1031 1097
f 1097 1031 1081
f 1081 1031 1065
f 1065 1031 1049
f 1049 1031 1037
f 1037 1031 1039
f 1339 1113 1129
f 1339 1129 1141
f 1339 1141 1149
f 1339 1149 1157
f 1339 1157 1165
f 1339 1165 1173
f 1339 1173 1181
f 1339 1181 1221
f 1221 1181 1213
f 1213 1181 1205
f 1205 1181 1197
f 1197 1181 1189
f 1339 1221 1229
f 1339 1229 1241
f 1339 1241 1257
f 1339 1257 1273
f 1339 1273 1289
f 1339 1289 1305
f 1339 1305 1321
f 1339 1321 1333
f 1261 1243 1245
f 1243 1261 1259
f 1259 1261 1277
f 1259 1277 1275
f 1275 1277 1293
f 1275 1293 1291
f 1291 1293 1309
f 1291 1309 1307
f 1307 1309 1325
f 1307 1325 1323
f 1323 1325 1335
f 1323 1335 1333
f 1409 1393 1395
f 1393 1409 1407
f 1407 1409 1425
f 1407 1425 1423
f 1423 1425 1441
f 1423 1441 1439
f 1439 1441 1457
f 1439 1457 1455
f 1455 1457 1473
f 1455 1473 1471
f 1471 1473 1489
f 1471 1489 1487
f 1401 1389 1391
f 1389 1401 1399
f 1399 1401 1417
f 1399 1417 1415
f 1415 1417 1433
f 1415 1433 1431
f 1431 1433 1449
f 1431 1449 1447
f 1447 1449 1465
f 1447 1465 1463
f 1463 1465 1479
f 1479 1465 1481
f 1385 1403 1391
f 1403 1385 1419
f 1419 1385 1435
f 1435 1385 1451
f 1451 1385 1467
f 1467 1385 1693
f 1467 1693 1483
f 1483 1693 1495
f 1495 1693 1503
f 1503 1693 1511
f 1511 1693 1519
f 1519 1693 1527
f 1527 1693 1535
f 1535 1693 1583
f 1535 1583 1575
f 1535 1575 1567
f 1535 1567 1559
f 1535 1559 1551
f 1535 1551 1543
f 1583 1693 1595
f 1595 1693 1611
f 1611 1693 1627
f 1627 1693 1643
f 1643 1693 1659
f 1659 1693 1675
f 1675 1693 1687
f 1687 1693 1685
f 959 953 947
f 953 959 1073
f 953 1073 1089
f 953 1089 1105
f 953 1105 1121
f 953 1121 1755
f 1073 959 963
f 1073 963 1057
f 1057 963 967
f 1057 967 971
f 1057 971 1041
f 1041 971 1013
f 1013 971 1009
f 1009 971 1007
f 1041 1013 1017
f 1041 1017 1021
f 1041 1021 1025
f 1041 1025 1033
f 1033 1025 1029
f 1033 1029 1035
f 1755 1121 1137
f 1755 1137 1145
f 1755 1145 1153
f 1755 1153 1161
f 1755 1161 1233
f 1233 1161 1169
f 1233 1169 1225
f 1225 1169 1177
f 1225 1177 1217
f 1217 1177 1209
f 1209 1177 1201
f 1201 1177 1193
f 1193 1177 1185
f 1755 1233 1249
f 1755 1249 1265
f 1755 1265 1281
f 1755 1281 1297
f 1755 1297 1313
f 1755 1313 1329
f 1755 1329 1461
f 1461 1329 1445
f 1445 1329 1337
f 1445 1337 1341
f 1445 1341 1429
f 1429 1341 1345
f 1429 1345 1349
f 1429 1349 1353
f 1429 1353 1357
f 1429 1357 1361
f 1429 1361 1413
f 1413 1361 1385
f 1385 1361 1381
f 1381 1361 1377
f 1377 1361 1373
f 1373 1361 1369
f 1369 1361 1365
f 1365 1361 1363
f 1413 1385 1397
f 1397 1385 1389
f 1389 1385 1391
f 1755 1461 1477
f 1755 1477 1493
f 1755 1493 1501
f 1755 1501 1509
f 1755 1509 1517
f 1755 1517 1525
f 1755 1525 1533
f 1755 1533 1581
f 1581 1533 1573
f 1573 1533 1565
f 1565 1533 1557
f 1557 1533 1549
f 1549 1533 1541
f 1755 1581 1589
f 1755 1589 1605
f 1755 1605 1621
f 1755 1621 1637
f 1755 1637 1653
f 1755 1653 1669
f 1755 1669 1685
f 1755 1685 1693
f 1755 1693 1697
f 1755 1697 1701
f 1755 1701 1705
f 1755 1705 1709
f 1755 1709 1713
f 1755 1713 1717
f 1755 1717 1733
f 1733 1717 1729
f 1729 1717 1725
f 1725 1717 1721
f 1721 1717 1719
f 1755 1733 1737
f 1755 1737 1741
f 1755 1741 1745
f 1755 1745 1749
f 1755 1749 1761
f 1755 1761 1753
f 1753 1761 1769
f 1769 1761 1765
f 1769 1765 1829
f 1769 1829 1773
f 1773 1829 1777
f 1777 1829 1781
f 1781 1829 1785
f 1785 1829 1789
f 1789 1829 1797
f 1797 1829 1807
f 1807 1829 1815
f 1815 1829 1823
f 1823 1829 1835
f 1835 1829 1855
f 1835 1855 1843
f 1843 1855 1849
f 1771 1757 1759
f 1757 1771 1763
f 1763 1771 1767
f 1767 1771 1831
f 1831 1771 1775
f 1831 1775 1779
f 1831 1779 1783
f 1831 1783 1787
f 1831 1787 1791
f 1831 1791 1799
f 1831 1799 1809
f 1831 1809 1817
f 1831 1817 1825
f 1831 1825 1837
f 1831 1837 1857
f 1857 1837 1845
f 1857 1845 1852
f 949 955 961
f 955 949 957
f 961 955 1087
f 1087 955 1103
f 1103 955 1119
f 1119 955 1135
f 1135 955 1757
f 961 1087 965
f 965 1087 1071
f 965 1071 969
f 969 1071 973
f 973 1071 1055
f 973 1055 971
f 971 1055 1015
f 971 1015 1011
f 971 1011 1007
f 1015 1055 1019
f 1019 1055 1023
f 1023 1055 1027
f 1027 1055 1039
f 1027 1039 1031
f 1135 1757 1143
f 1143 1757 1151
f 1151 1757 1159
f 1159 1757 1167
f 1167 1757 1247
f 1167 1247 1175
f 1175 1247 1231
f 1175 1231 1183
f 1183 1231 1223
f 1183 1223 1215
f 1183 1215 1207
f 1183 1207 1199
f 1183 1199 1191
f 1247 1757 1263
f 1263 1757 1279
f 1279 1757 1295
f 1295 1757 1311
f 1311 1757 1327
f 1327 1757 1335
f 1335 1757 1475
f 1335 1475 1333
f 1333 1475 1459
f 1333 1459 1339
f 1339 1459 1343
f 1343 1459 1443
f 1343 1443 1347
f 1347 1443 1351
f 1351 1443 1355
f 1355 1443 1359
f 1359 1443 1361
f 1361 1443 1427
f 1361 1427 1387
f 1361 1387 1383
f 1361 1383 1379
f 1361 1379 1375
f 1361 1375 1371
f 1361 1371 1367
f 1361 1367 1363
f 1387 1427 1411
f 1387 1411 1395
f 1475 1757 1491
f 1491 1757 1499
f 1499 1757 1507
f 1507 1757 1515
f 1515 1757 1523
f 1523 1757 1531
f 1531 1757 1539
f 1539 1757 1587
f 1539 1587 1579
f 1539 1579 1571
f 1539 1571 1563
f 1539 1563 1555
f 1539 1555 1547
f 1587 1757 1603
f 1603 1757 1619
f 1619 1757 1635
f 1635 1757 1651
f 1651 1757 1667
f 1667 1757 1683
f 1683 1757 1691
f 1691 1757 1689
f 1689 1757 1695
f 1695 1757 1699
f 1699 1757 1703
f 1703 1757 1707
f 1707 1757 1711
f 1711 1757 1715
f 1715 1757 1717
f 1717 1757 1735
f 1717 1735 1731
f 1717 1731 1727
f 1717 1727 1723
f 1717 1723 1719
f 1735 1757 1739
f 1739 1757 1743
f 1743 1757 1747
f 1747 1757 1751
f 1751 1757 1763
f 1387 1469 1695
f 1469 1387 1453
f 1453 1387 1437
f 1437 1387 1421
f 1421 1387 1405
f 1405 1387 1393
f 1393 1387 1395
f 1695 1469 1485
f 1695 1485 1497
f 1695 1497 1505
f 1695 1505 1513
f 1695 1513 1521
f 1695 1521 1529
f 1695 1529 1537
f 1695 1537 1585
f 1585 1537 1577
f 1577 1537 1569
f 1569 1537 1561
f 1561 1537 1553
f 1553 1537 1545
f 1695 1585 1597
f 1695 1597 1613
f 1695 1613 1629
f 1695 1629 1645
f 1695 1645 1661
f 1695 1661 1677
f 1695 1677 1689
f 1617 1599 1601
f 1599 1617 1615
f 1615 1617 1633
f 1615 1633 1631
f 1631 1633 1649
f 1631 1649 1647
f 1647 1649 1665
f 1647 1665 1663
f 1663 1665 1681
f 1663 1681 1679
f 1679 1681 1691
f 1679 1691 1689
f 1609 1591 1593
f 1591 1609 1607
f 1607 1609 1625
f 1607 1625 1623
f 1623 1625 1641
f 1623 1641 1639
f 1639 1641 1657
f 1639 1657 1655
f 1655 1657 1673
f 1655 1673 1671
f 1671 1673 1687
f 1671 1687 1685
f 2233 2217 2219
f 2217 2233 2231
f 2231 2233 2249
f 2231 2249 2247
f 2247 2249 2265
f 2247 2265 2263
f 2263 2265 2281
f 2263 2281 2279
f 2279 2281 2297
f 2279 2297 2295
f 2295 2297 2313
f 2295 2313 2311
f 2225 2213 2215
f 2213 2225 2223
f 2223 2225 2241
f 2223 2241 2239
f 2239 2241 2257
f 2239 2257 2255
f 2255 2257 2273
f 2255 2273 2271
f 2271 2273 2289
f 2271 2289 2287
f 2287 2289 2305
f 2287 2305 2303
f 2425 2439 2423
f 2439 2425 2441
f 2439 2441 2457
f 2439 2457 2455
f 2455 2457 2471
f 2471 2457 2473
f 2471 2473 2489
f 2471 2489 2487
f 2487 2489 2505
f 2487 2505 2503
f 2503 2505 2513
f 2513 2505 2515
f 2209 2227 2215
f 2227 2209 2243
f 2243 2209 2259
f 2259 2209 2275
f 2275 2209 2291
f 2291 2209 2517
f 2291 2517 2307
f 2307 2517 2319
f 2319 2517 2327
f 2327 2517 2335
f 2335 2517 2343
f 2343 2517 2351
f 2351 2517 2359
f 2359 2517 2407
f 2359 2407 2399
f 2359 2399 2391
f 2359 2391 2383
f 2359 2383 2375
f 2359 2375 2367
f 2407 2517 2419
f 2419 2517 2435
f 2435 2517 2451
f 2451 2517 2467
f 2467 2517 2483
f 2483 2517 2499
f 2499 2517 2511
f 2511 2517 2509
f 2555 2543 2545
f 2543 2555 2553
f 2553 2555 2571
f 2553 2571 2569
f 2569 2571 2587
f 2569 2587 2585
f 2585 2587 2609
f 2585 2609 2607
f 2607 2609 2629
f 2607 2629 2627
f 2627 2629 2649
f 2627 2649 2647
f 2549 2561 2547
f 2561 2549 2563
f 2561 2563 2577
f 2577 2563 2579
f 2577 2579 2593
f 2593 2579 2595
f 2593 2595 2615
f 2615 2595 2617
f 2615 2617 2635
f 2635 2617 2637
f 2635 2637 2655
f 2655 2637 2657
f 2433 2415 2417
f 2415 2433 2431
f 2431 2433 2449
f 2431 2449 2447
f 2447 2449 2465
f 2447 2465 2463
f 2463 2465 2481
f 2463 2481 2479
f 2479 2481 2497
f 2479 2497 2495
f 2495 2497 2511
f 2495 2511 2509
f 2211 2293 2519
f 2293 2211 2277
f 2277 2211 2261
f 2261 2211 2245
f 2245 2211 2229
f 2229 2211 2217
f 2217 2211 2219
f 2519 2293 2309
f 2519 2309 2321
f 2519 2321 2329
f 2519 2329 2337
f 2519 2337 2345
f 2519 2345 2353
f 2519 2353 2361
f 2519 2361 2409
f 2409 2361 2401
f 2401 2361 2393
f 2393 2361 2385
f 2385 2361 2377
f 2377 2361 2369
f 2519 2409 2421
f 2519 2421 2437
f 2519 2437 2453
f 2519 2453 2469
f 2519 2469 2485
f 2519 2485 2501
f 2519 2501 2513
f 2519 2513 2515
f 2599 2611 2589
f 2611 2599 2601
f 2611 2601 2621
f 2611 2621 2631
f 2631 2621 2641
f 2631 2641 2651
f 2651 2641 2661
f 2651 2661 2667
f 2667 2661 2689
f 2667 2689 2675
f 2675 2689 2683
f 2683 2689 2695
f 2695 2689 2717
f 2695 2717 2703
f 2703 2717 2711
f 2711 2717 2723
f 2723 2717 2731
f 2731 2717 2739
f 2739 2717 2873
f 2739 2873 2747
f 2747 2873 2755
f 2755 2873 2763
f 2763 2873 2775
f 2775 2873 2791
f 2791 2873 2807
f 2807 2873 2823
f 2823 2873 2839
f 2839 2873 2855
f 2855 2873 2867
f 2867 2873 2865
f 1861 1873 1959
f 1873 1861 1866
f 1959 1873 1881
f 1959 1881 1889
f 1959 1889 1897
f 1959 1897 1905
f 1959 1905 1915
f 1959 1915 1923
f 1959 1923 1927
f 1959 1927 1931
f 1959 1931 1935
f 1959 1935 1939
f 1959 1939 1943
f 1959 1943 2061
f 1959 2061 2031
f 2031 2061 2058
f 2031 2058 2089
f 2089 2058 2077
f 2089 2077 2097
f 2089 2097 2159
f 2159 2097 2129
f 2159 2129 2141
f 2159 2141 2149
f 2159 2149 2154
f 2159 2154 2299
f 2299 2154 2315
f 2315 2154 2899
f 2159 2299 2283
f 2159 2283 2163
f 2163 2283 2167
f 2167 2283 2171
f 2171 2283 2175
f 2175 2283 2267
f 2175 2267 2179
f 2179 2267 2183
f 2183 2267 2185
f 2185 2267 2251
f 2185 2251 2211
f 2185 2211 2207
f 2185 2207 2203
f 2185 2203 2199
f 2185 2199 2195
f 2185 2195 2191
f 2185 2191 2187
f 2211 2251 2235
f 2211 2235 2219
f 2315 2899 2323
f 2323 2899 2331
f 2331 2899 2339
f 2339 2899 2347
f 2347 2899 2355
f 2355 2899 2363
f 2363 2899 2411
f 2363 2411 2403
f 2363 2403 2395
f 2363 2395 2387
f 2363 2387 2379
f 2363 2379 2371
f 2411 2899 2427
f 2427 2899 2443
f 2443 2899 2459
f 2459 2899 2475
f 2475 2899 2491
f 2491 2899 2507
f 2507 2899 2515
f 2515 2899 2639
f 2515 2639 2619
f 2515 2619 2597
f 2515 2597 2581
f 2515 2581 2519
f 2519 2581 2523
f 2523 2581 2527
f 2527 2581 2531
f 2531 2581 2565
f 2531 2565 2535
f 2535 2565 2539
f 2539 2565 2541
f 2541 2565 2549
f 2541 2549 2547
f 2639 2899 2659
f 2659 2899 2671
f 2671 2899 2679
f 2679 2899 2687
f 2687 2899 2699
f 2699 2899 2707
f 2707 2899 2715
f 2715 2899 2759
f 2715 2759 2751
f 2715 2751 2743
f 2715 2743 2735
f 2715 2735 2727
f 2759 2899 2767
f 2767 2899 2783
f 2783 2899 2799
f 2799 2899 2815
f 2815 2899 2831
f 2831 2899 2847
f 2847 2899 2863
f 2863 2899 2871
f 2871 2899 2869
f 2869 2899 2875
f 2875 2899 2879
f 2879 2899 2883
f 2883 2899 2887
f 2887 2899 2891
f 2891 2899 2895
f 2895 2899 2897
f 2087 2043 2029
f 2043 2087 2071
f 2071 2087 2091
f 2091 2087 2157
f 2091 2157 2123
f 2123 2157 2135
f 2135 2157 2143
f 2143 2157 2151
f 2151 2157 2285
f 2151 2285 2301
f 2151 2301 2905
f 2285 2157 2269
f 2269 2157 2161
f 2269 2161 2165
f 2269 2165 2169
f 2269 2169 2173
f 2269 2173 2253
f 2253 2173 2177
f 2253 2177 2181
f 2253 2181 2185
f 2253 2185 2237
f 2237 2185 2209
f 2209 2185 2205
f 2205 2185 2201
f 2201 2185 2197
f 2197 2185 2193
f 2193 2185 2189
f 2189 2185 2187
f 2237 2209 2221
f 2221 2209 2213
f 2213 2209 2215
f 2905 2301 2317
f 2905 2317 2325
f 2905 2325 2333
f 2905 2333 2341
f 2905 2341 2349
f 2905 2349 2357
f 2905 2357 2405
f 2405 2357 2397
f 2397 2357 2389
f 2389 2357 2381
f 2381 2357 2373
f 2373 2357 2365
f 2905 2405 2413
f 2905 2413 2429
f 2905 2429 2445
f 2905 2445 2461
f 2905 2461 2477
f 2905 2477 2493
f 2905 2493 2509
f 2905 2509 2625
f 2625 2509 2605
f 2605 2509 2583
f 2583 2509 2567
f 2567 2509 2517
f 2567 2517 2521
f 2567 2521 2525
f 2567 2525 2529
f 2567 2529 2551
f 2551 2529 2533
f 2551 2533 2537
f 2551 2537 2541
f 2551 2541 2543
f 2543 2541 2547
f 2543 2547 2545
f 2905 2625 2645
f 2905 2645 2665
f 2905 2665 2673
f 2905 2673 2681
f 2905 2681 2693
f 2905 2693 2701
f 2905 2701 2709
f 2905 2709 2753
f 2753 2709 2745
f 2745 2709 2737
f 2737 2709 2729
f 2729 2709 2721
f 2905 2753 2761
f 2905 2761 2769
f 2905 2769 2785
f 2905 2785 2801
f 2905 2801 2817
f 2905 2817 2833
f 2905 2833 2849
f 2905 2849 2865
f 2905 2865 2873
f 2905 2873 2877
f 2905 2877 2881
f 2905 2881 2885
f 2905 2885 2889
f 2905 2889 2893
f 2905 2893 2897
f 2905 2897 2899
f 2789 2771 2773
f 2771 2789 2787
f 2787 2789 2805
f 2787 2805 2803
f 2803 2805 2821
f 2803 2821 2819
f 2819 2821 2837
f 2819 2837 2835
f 2835 2837 2853
f 2835 2853 2851
f 2851 2853 2867
f 2851 2867 2865
f 2559 2545 2547
f 2545 2559 2557
f 2557 2559 2575
f 2557 2575 2573
f 2573 2575 2591
f 2573 2591 2589
f 2589 2591 2599
f 2599 2591 2613
f 2599 2613 2603
f 2603 2613 2623
f 2623 2613 2633
f 2623 2633 2643
f 2643 2633 2653
f 2643 2653 2663
f 2663 2653 2669
f 2663 2669 2691
f 2691 2669 2677
f 2691 2677 2685
f 2691 2685 2697
f 2691 2697 2719
f 2719 2697 2705
f 2719 2705 2713
f 2719 2713 2725
f 2719 2725 2733
f 2719 2733 2741
f 2719 2741 2875
f 2875 2741 2749
f 2875 2749 2757
f 2875 2757 2765
f 2875 2765 2777
f 2875 2777 2793
f 2875 2793 2809
f 2875 2809 2825
f 2875 2825 2841
f 2875 2841 2857
f 2875 2857 2869
f 2797 2779 2781
f 2779 2797 2795
f 2795 2797 2813
f 2795 2813 2811
f 2811 2813 2829
f 2811 2829 2827
f 2827 2829 2845
f 2827 2845 2843
f 2843 2845 2861
f 2843 2861 2859
f 2859 2861 2871
f 2859 2871 2869
f 687 665 651
f 665 687 671
f 671 687 679
f 679 687 695
f 695 687 735
f 695 735 711
f 711 735 719
f 719 735 731
f 731 735 751
f 751 735 789
f 751 789 759
f 759 789 775
f 775 789 783
f 783 789 795
f 795 789 813
f 795 813 801
f 599 597 593
f 597 599 605
f 605 599 607
f 605 607 625
f 625 607 627
f 625 627 651
f 625 651 649
f 649 651 685
f 685 651 665
f 685 665 669
f 685 669 677
f 685 677 693
f 685 693 725
f 725 693 709
f 725 709 717
f 725 717 729
f 725 729 845
f 845 729 749
f 845 749 757
f 845 757 773
f 845 773 781
f 845 781 793
f 845 793 801
f 845 801 813
f 845 813 849
f 845 849 853
f 853 849 893
f 853 893 857
f 857 893 861
f 861 893 865
f 865 893 869
f 869 893 877
f 877 893 887
f 887 893 899
f 899 893 935
f 899 935 907
f 907 935 915
f 915 935 923
f 923 935 929
f 691 667 655
f 667 691 675
f 675 691 683
f 683 691 699
f 699 691 747
f 699 747 715
f 715 747 723
f 723 747 743
f 743 747 755
f 755 747 847
f 755 847 763
f 763 847 779
f 779 847 787
f 787 847 799
f 799 847 803
f 803 847 815
f 815 847 851
f 851 847 855
f 851 855 895
f 895 855 859
f 895 859 863
f 895 863 867
f 895 867 871
f 895 871 883
f 895 883 889
f 895 889 901
f 895 901 937
f 937 901 909
f 937 909 917
f 937 917 925
f 937 925 932
f 603 601 595
f 601 603 609
f 609 603 611
f 609 611 629
f 629 611 631
f 629 631 655
f 629 655 653
f 653 655 689
f 689 655 667
f 689 667 673
f 689 673 681
f 689 681 697
f 689 697 737
f 737 697 713
f 737 713 721
f 737 721 741
f 737 741 791
f 791 741 753
f 791 753 761
f 791 761 777
f 791 777 785
f 791 785 797
f 791 797 815
f 815 797 803
f 1005 879 881
f 879 1005 891
f 891 1005 903
f 903 1005 911
f 911 1005 919
f 919 1005 927
f 927 1005 932
f 932 1005 957
f 932 957 937
f 937 957 941
f 941 957 945
f 945 957 949
f 957 1005 981
f 957 981 977
f 981 1005 985
f 985 1005 989
f 989 1005 993
f 993 1005 997
f 997 1005 1003
f 1919 1801 1803
f 1801 1919 1811
f 1811 1919 1819
f 1819 1919 1827
f 1827 1919 1839
f 1839 1919 1847
f 1847 1919 1852
f 1852 1919 1857
f 1857 1919 1875
f 1857 1875 1866
f 1857 1866 1861
f 1875 1919 1883
f 1883 1919 1891
f 1891 1919 1899
f 1899 1919 1907
f 1907 1919 1917
f 2923 2899 2901
f 2899 2923 2911
f 2899 2911 2907
f 2899 2907 2905
f 2905 2907 2903
f 2911 2923 2915
f 2915 2923 2919
f 2919 2923 2939
f 2939 2923 2927
f 2939 2927 2931
f 2939 2931 2935
f 2939 2935 2943
f 2939 2943 2995
f 2995 2943 2947
f 2995 2947 2955
f 2995 2955 2965
f 2995 2965 2973
f 2995 2973 2981
f 2995 2981 2989
f 2995 2989 3001
f 2995 3001 3013
f 3013 3001 3008
f 3077 2957 2959
f 2957 3077 2967
f 2967 3077 2975
f 2975 3077 2983
f 2983 3077 2991
f 2991 3077 3003
f 3003 3077 3008
f 3008 3077 3013
f 3013 3077 3027
f 3013 3027 3018
f 3027 3077 3035
f 3035 3077 3043
f 3043 3077 3051
f 3051 3077 3061
f 3061 3077 3075
f 3115 3143 3135
f 3143 3115 3209
f 3143 3209 3151
f 3151 3209 3163
f 3163 3209 3175
f 3175 3209 3183
f 3183 3209 3205
f 3205 3209 3251
f 3205 3251 3217
f 3217 3251 3227
f 3227 3251 3239
f 3239 3251 3259
f 3259 3251 3293
f 3259 3293 3267
f 3267 3293 3271
f 3013 3033 3197
f 3033 3013 3025
f 3025 3013 3018
f 3197 3033 3041
f 3197 3041 3049
f 3197 3049 3059
f 3197 3059 3073
f 3197 3073 3081
f 3197 3081 3095
f 3197 3095 3099
f 3197 3099 3107
f 3197 3107 3111
f 3197 3111 3141
f 3141 3111 3115
f 3141 3115 3135
f 3197 3141 3149
f 3197 3149 3161
f 3197 3161 3173
f 3197 3173 3181
f 3197 3181 3203
f 3197 3203 3215
f 3197 3215 3249
f 3249 3215 3225
f 3249 3225 3237
f 3249 3237 3257
f 3249 3257 3291
f 3291 3257 3265
f 3291 3265 3271
f 3291 3271 3293
f 3291 3293 3311
f 3291 3311 3309
f 3309 3311 3331
f 3309 3331 3329
f 3329 3331 3339
f 3329 3339 3337
f 3337 3339 3343
f 2903 2909 2921
f 2909 2903 2907
f 2921 2909 2913
f 2921 2913 2917
f 2921 2917 2937
f 2921 2937 2925
f 2925 2937 2929
f 2929 2937 2933
f 2933 2937 2941
f 2941 2937 2993
f 2941 2993 2945
f 2945 2993 2953
f 2953 2993 2963
f 2963 2993 2971
f 2971 2993 2979
f 2979 2993 2987
f 2987 2993 2999
f 2999 2993 3011
f 2999 3011 3005
f 2961 2949 2951
f 2949 2961 3067
f 3067 2961 2969
f 3067 2969 2977
f 3067 2977 2985
f 3067 2985 2997
f 3067 2997 3005
f 3067 3005 3011
f 3067 3011 3021
f 3021 3011 3015
f 3067 3021 3029
f 3067 3029 3037
f 3067 3037 3045
f 3067 3045 3055
f 3067 3055 3069
f 1859 1871 1863
f 1871 1859 1957
f 1871 1957 1879
f 1879 1957 1887
f 1887 1957 1895
f 1895 1957 1903
f 1903 1957 1913
f 1913 1957 1921
f 1921 1957 1925
f 1925 1957 1929
f 1929 1957 1933
f 1933 1957 1937
f 1937 1957 1941
f 1941 1957 2041
f 2041 1957 2029
f 2041 2029 2043
f 1805 1793 1795
f 1793 1805 1909
f 1909 1805 1813
f 1909 1813 1821
f 1909 1821 1833
f 1909 1833 1841
f 1909 1841 1849
f 1909 1849 1855
f 1909 1855 1869
f 1869 1855 1863
f 1863 1855 1859
f 1909 1869 1877
f 1909 1877 1885
f 1909 1885 1893
f 1909 1893 1901
f 1909 1901 1911
f 885 875 873
f 875 885 999
f 999 885 897
f 999 897 905
f 999 905 913
f 999 913 921
f 999 921 929
f 999 929 951
f 951 929 935
f 951 935 939
f 951 939 943
f 951 943 947
f 951 947 953
f 999 951 979
f 979 951 975
f 999 979 983
f 999 983 987
f 999 987 991
f 999 991 995
f 999 995 1001
f 1760 1757 1758
f 1757 1760 1759
f 956 1757 955
f 1757 956 1758
f 2061 2059 2058
f 2059 2061 2062
f 2154 2900 2899
f 2900 2154 2155
f 2041 1942 1941
f 1942 2041 2042
f 1901 1912 1911
f 1912 1901 1902
f 1893 1902 1901
f 1902 1893 1894
f 1885 1894 1893
f 1894 1885 1886
f 1877 1886 1885
f 1886 1877 1878
f 1869 1878 1877
f 1878 1869 1870
f 1863 1870 1869
f 1870 1863 1865
f 1865 1863 1864
f 1871 1864 1863
f 1864 1871 1872
f 1879 1872 1871
f 1872 1879 1880
f 1887 1880 1879
f 1880 1887 1888
f 1895 1888 1887
f 1888 1895 1896
f 1903 1896 1895
f 1896 1903 1904
f 1913 1904 1903
f 1904 1913 1914
f 1922 1913 1921
f 1913 1922 1914
f 1926 1921 1925
f 1921 1926 1922
f 1930 1925 1929
f 1925 1930 1926
f 1930 1933 1934
f 1933 1930 1929
f 1934 1937 1938
f 1937 1934 1933
f 1938 1941 1942
f 1941 1938 1937
f 2043 2042 2041
f 2042 2043 2044
f 2906 2151 2905
f 2151 2906 2152
f 1756 1753 1754
f 1753 1756 1755
f 1756 953 1755
f 953 1756 954
f 788 799 800
f 799 788 787
f 780 787 788
f 787 780 779
f 780 763 779
f 763 780 764
f 764 755 763
f 755 764 756
f 756 743 755
f 743 756 744
f 744 723 743
f 723 744 724
f 724 715 723
f 715 724 716
f 716 699 715
f 699 716 700
f 699 684 683
f 684 699 700
f 683 676 675
f 676 683 684
f 675 668 667
f 668 675 676
f 667 674 673
f 674 667 668
f 673 682 681
f 682 673 674
f 681 698 697
f 698 681 682
f 698 713 697
f 713 698 714
f 714 721 713
f 721 714 722
f 722 741 721
f 741 722 742
f 742 753 741
f 753 742 754
f 754 761 753
f 761 754 762
f 762 777 761
f 777 762 778
f 786 777 778
f 777 786 785
f 798 785 786
f 785 798 797
f 804 797 798
f 797 804 803
f 800 803 804
f 803 800 799
f 695 680 679
f 680 695 696
f 679 672 671
f 672 679 680
f 671 666 665
f 666 671 672
f 665 670 669
f 670 665 666
f 669 678 677
f 678 669 670
f 677 694 693
f 694 677 678
f 694 709 693
f 709 694 710
f 710 717 709
f 717 710 718
f 718 729 717
f 729 718 730
f 730 749 729
f 749 730 750
f 750 757 749
f 757 750 758
f 758 773 757
f 773 758 774
f 782 773 774
f 773 782 781
f 794 781 782
f 781 794 793
f 802 793 794
f 793 802 801
f 796 801 802
f 801 796 795
f 784 795 796
f 795 784 783
f 776 783 784
f 783 776 775
f 776 759 775
f 759 776 760
f 760 751 759
f 751 760 752
f 752 731 751
f 731 752 732
f 732 719 731
f 719 732 720
f 720 711 719
f 711 720 712
f 712 695 711
f 695 712 696
f 3272 3265 3266
f 3265 3272 3271
f 3268 3271 3272
f 3271 3268 3267
f 3260 3267 3268
f 3267 3260 3259
f 3240 3259 3260
f 3259 3240 3239
f 3240 3227 3239
f 3227 3240 3228
f 3228 3217 3227
f 3217 3228 3218
f 3218 3205 3217
f 3205 3218 3206
f 3206 3183 3205
f 3183 3206 3184
f 3184 3175 3183
f 3175 3184 3176
f 3176 3163 3175
f 3163 3176 3164
f 3163 3152 3151
f 3152 3163 3164
f 3151 3144 3143
f 3144 3151 3152
f 3143 3136 3135
f 3136 3143 3144
f 3135 3142 3141
f 3142 3135 3136
f 3141 3150 3149
f 3150 3141 3142
f 3149 3162 3161
f 3162 3149 3150
f 3162 3173 3161
f 3173 3162 3174
f 3174 3181 3173
f 3181 3174 3182
f 3182 3203 3181
f 3203 3182 3204
f 3204 3215 3203
f 3215 3204 3216
f 3216 3225 3215
f 3225 3216 3226
f 3226 3237 3225
f 3237 3226 3238
f 3258 3237 3238
f 3237 3258 3257
f 3266 3257 3258
f 3257 3266 3265
f 3190 3211 3189
f 3211 3190 3212
f 3212 3221 3211
f 3221 3212 3222
f 3222 3233 3221
f 3233 3222 3234
f 3254 3233 3234
f 3233 3254 3253
f 3262 3253 3254
f 3253 3262 3261
f 3270 3261 3262
f 3261 3270 3269
f 3264 3269 3270
f 3269 3264 3263
f 3256 3263 3264
f 3263 3256 3255
f 3236 3255 3256
f 3255 3236 3235
f 3236 3223 3235
f 3223 3236 3224
f 3224 3213 3223
f 3213 3224 3214
f 3214 3191 3213
f 3191 3214 3192
f 3192 3179 3191
f 3179 3192 3180
f 3180 3171 3179
f 3171 3180 3172
f 3172 3159 3171
f 3159 3172 3160
f 3159 3148 3147
f 3148 3159 3160
f 3147 3140 3139
f 3140 3147 3148
f 3139 3134 3133
f 3134 3139 3140
f 3133 3138 3137
f 3138 3133 3134
f 3137 3146 3145
f 3146 3137 3138
f 3145 3158 3157
f 3158 3145 3146
f 3158 3169 3157
f 3169 3158 3170
f 3170 3177 3169
f 3177 3170 3178
f 3178 3189 3177
f 3189 3178 3190
f 1986 1988 1972
f 1988 1986 1994
f 1988 1994 1996
f 1996 1994 2002
f 1996 2002 2004
f 2004 2002 2020
f 2020 2002 2018
f 2020 2018 2038
f 2020 2038 2040
f 2040 2038 2057
f 2057 2038 2055
f 2057 2055 2068
f 2057 2068 2070
f 2070 2068 2086
f 2086 2068 2084
f 2086 2084 2104
f 2086 2104 2106
f 2106 2104 2112
f 2106 2112 2114
f 2114 2112 2120
f 2114 2120 2122
f 2122 2120 2134
f 2121 2134 2133
f 2134 2121 2122
f 2113 2122 2121
f 2122 2113 2114
f 2105 2114 2113
f 2114 2105 2106
f 2086 2105 2085
f 2105 2086 2106
f 2070 2085 2069
f 2085 2070 2086
f 2057 2069 2056
f 2069 2057 2070
f 2040 2056 2039
f 2056 2040 2057
f 2020 2039 2019
f 2039 2020 2040
f 2004 2019 2003
f 2019 2004 2020
f 2004 1995 1996
f 1995 2004 2003
f 1996 1987 1988
f 1987 1996 1995
f 1988 1971 1972
f 1971 1988 1987
f 1972 1985 1986
f 1985 1972 1971
f 1986 1993 1994
f 1993 1986 1985
f 1994 2001 2002
f 2001 1994 1993
f 2018 2001 2017
f 2001 2018 2002
f 2038 2017 2037
f 2017 2038 2018
f 2055 2037 2054
f 2037 2055 2038
f 2068 2054 2067
f 2054 2068 2055
f 2084 2067 2083
f 2067 2084 2068
f 2104 2083 2103
f 2083 2104 2084
f 2111 2104 2103
f 2104 2111 2112
f 2119 2112 2111
f 2112 2119 2120
f 2133 2120 2119
f 2120 2133 2134
f 1982 1984 1970
f 1984 1982 1990
f 1984 1990 1992
f 1992 1990 1998
f 1992 1998 2000
f 2000 1998 2014
f 2000 2014 2016
f 2016 2014 2034
f 2016 2034 2036
f 2036 2034 2049
f 2049 2034 2047
f 2049 2047 2064
f 2049 2064 2066
f 2066 2064 2082
f 2082 2064 2080
f 2082 2080 2100
f 2082 2100 2102
f 2102 2100 2108
f 2102 2108 2110
f 2110 2108 2116
f 2110 2116 2118
f 2118 2116 2132
f 2034 2013 2033
f 2013 2034 2014
f 2047 2033 2046
f 2033 2047 2034
f 2064 2046 2063
f 2046 2064 2047
f 2080 2063 2079
f 2063 2080 2064
f 2100 2079 2099
f 2079 2100 2080
f 2107 2100 2099
f 2100 2107 2108
f 2115 2108 2107
f 2108 2115 2116
f 2131 2116 2115
f 2116 2131 2132
f 2117 2132 2131
f 2132 2117 2118
f 2109 2118 2117
f 2118 2109 2110
f 2101 2110 2109
f 2110 2101 2102
f 2082 2101 2081
f 2101 2082 2102
f 2066 2081 2065
f 2081 2066 2082
f 2049 2065 2048
f 2065 2049 2066
f 2036 2048 2035
f 2048 2036 2049
f 2016 2035 2015
f 2035 2016 2036
f 2000 2015 1999
f 2015 2000 2016
f 2000 1991 1992
f 1991 2000 1999
f 1992 1983 1984
f 1983 1992 1991
f 1984 1969 1970
f 1969 1984 1983
f 1970 1981 1982
f 1981 1970 1969
f 1982 1989 1990
f 1989 1982 1981
f 1990 1997 1998
f 1997 1990 1989
f 2014 1997 2013
f 1997 2014 1998
f 843 838 837
f 838 843 844
f 616 621 622
f 621 616 615
f 622 637 638
f 637 622 621
f 638 645 646
f 645 638 637
f 662 645 661
f 645 662 646
f 706 661 705
f 661 706 662
f 740 705 739
f 705 740 706
f 770 739 769
f 739 770 740
f 810 769 809
f 769 810 770
f 822 809 821
f 809 822 810
f 829 822 821
f 822 829 830
f 837 830 829
f 830 837 838
f 835 842 841
f 842 835 836
f 827 836 835
f 836 827 828
f 819 828 827
f 828 819 820
f 808 819 807
f 819 808 820
f 768 807 767
f 807 768 808
f 734 767 733
f 767 734 768
f 704 733 703
f 733 704 734
f 660 703 659
f 703 660 704
f 644 659 643
f 659 644 660
f 644 635 636
f 635 644 643
f 636 619 620
f 619 636 635
f 620 613 614
f 613 620 619
f 3315 3320 3319
f 3320 3315 3316
f 3303 3316 3315
f 3316 3303 3304
f 3297 3304 3303
f 3304 3297 3298
f 3278 3297 3277
f 3297 3278 3298
f 3232 3277 3231
f 3277 3232 3278
f 3194 3231 3193
f 3231 3194 3232
f 3168 3193 3167
f 3193 3168 3194
f 3132 3167 3131
f 3167 3132 3168
f 3124 3131 3123
f 3131 3124 3132
f 3124 3103 3104
f 3103 3124 3123
f 3104 3091 3092
f 3091 3104 3103
f 3092 3083 3084
f 3083 3092 3091
f 3200 3153 3199
f 3153 3200 3154
f 3201 3200 3199
f 3200 3201 3202
f 3054 3063 3064
f 3063 3054 3053
f 3064 3085 3086
f 3085 3064 3063
f 3086 3117 3118
f 3117 3086 3085
f 3126 3117 3125
f 3117 3126 3118
f 3154 3125 3153
f 3125 3154 3126
f 3319 3314 3313
f 3314 3319 3320
f 3313 3302 3301
f 3302 3313 3314
f 3301 3296 3295
f 3296 3301 3302
f 3296 3275 3295
f 3275 3296 3276
f 3276 3229 3275
f 3229 3276 3230
f 3230 3187 3229
f 3187 3230 3188
f 3188 3165 3187
f 3165 3188 3166
f 3166 3129 3165
f 3129 3166 3130
f 3130 3121 3129
f 3121 3130 3122
f 3102 3121 3122
f 3121 3102 3101
f 3090 3101 3102
f 3101 3090 3089
f 3084 3089 3090
f 3089 3084 3083
f 3066 3053 3054
f 3053 3066 3065
f 3088 3065 3066
f 3065 3088 3087
f 3120 3087 3088
f 3087 3120 3119
f 3120 3127 3119
f 3127 3120 3128
f 3128 3155 3127
f 3155 3128 3156
f 3156 3207 3155
f 3207 3156 3208
f 3208 3241 3207
f 3241 3208 3242
f 3242 3279 3241
f 3279 3242 3280
f 3280 3299 3279
f 3299 3280 3300
f 3299 3318 3317
f 3318 3299 3300
f 3317 3322 3321
f 3322 3317 3318
f 3321 3324 3323
f 3324 3321 3322
f 841 834 833
f 834 841 842
f 833 826 825
f 826 833 834
f 825 818 817
f 818 825 826
f 818 805 817
f 805 818 806
f 806 765 805
f 765 806 766
f 766 727 765
f 727 766 728
f 728 701 727
f 701 728 702
f 702 657 701
f 657 702 658
f 658 641 657
f 641 658 642
f 634 641 642
f 641 634 633
f 618 633 634
f 633 618 617
f 614 617 618
f 617 614 613
f 598 600 594
f 600 598 606
f 600 606 608
f 608 606 626
f 608 626 613
f 613 626 617
f 617 626 633
f 633 626 650
f 633 650 641
f 641 650 657
f 657 650 686
f 657 686 701
f 701 686 726
f 701 726 727
f 727 726 846
f 727 846 765
f 765 846 805
f 805 846 817
f 817 846 825
f 825 846 833
f 833 846 841
f 1052 1040 1038
f 1040 1052 1054
f 1054 1052 1068
f 1054 1068 1070
f 1070 1068 1084
f 1070 1084 1086
f 1086 1084 1100
f 1086 1100 1102
f 1102 1100 1116
f 1102 1116 1118
f 1118 1116 1132
f 1118 1132 1134
f 602 604 596
f 604 602 610
f 604 610 612
f 612 610 630
f 612 630 615
f 615 630 621
f 621 630 637
f 637 630 654
f 637 654 645
f 645 654 661
f 661 654 690
f 661 690 705
f 705 690 738
f 705 738 739
f 739 738 792
f 739 792 769
f 769 792 809
f 809 792 816
f 809 816 821
f 821 816 852
f 821 852 829
f 829 852 837
f 837 852 843
f 843 852 848
f 848 852 856
f 856 852 896
f 856 896 860
f 860 896 864
f 864 896 868
f 868 896 872
f 872 896 884
f 884 896 890
f 890 896 902
f 902 896 938
f 902 938 910
f 910 938 918
f 918 938 926
f 926 938 933
f 933 938 958
f 958 938 942
f 958 942 946
f 958 946 950
f 958 950 956
f 615 632 612
f 632 615 623
f 632 623 639
f 632 639 656
f 656 639 647
f 656 647 663
f 656 663 692
f 692 663 707
f 692 707 748
f 748 707 745
f 748 745 771
f 748 771 848
f 848 771 811
f 848 811 823
f 848 823 831
f 848 831 839
f 848 839 843
f 1770 1756 1754
f 1756 1770 1762
f 1762 1770 1766
f 1766 1770 1830
f 1830 1770 1774
f 1830 1774 1778
f 1830 1778 1782
f 1830 1782 1786
f 1830 1786 1790
f 1830 1790 1798
f 1830 1798 1808
f 1830 1808 1816
f 1830 1816 1824
f 1830 1824 1836
f 1830 1836 1856
f 1856 1836 1844
f 1856 1844 1850
f 1856 1850 1864
f 1856 1864 1860
f 1860 1864 1872
f 1860 1872 1958
f 1958 1872 1880
f 1958 1880 1888
f 1958 1888 1896
f 1958 1896 1904
f 1958 1904 1914
f 1958 1914 1922
f 1958 1922 1926
f 1958 1926 1930
f 1958 1930 1934
f 1958 1934 1938
f 1958 1938 1942
f 1958 1942 1945
f 1958 1945 1951
f 1958 1951 1963
f 1958 1963 2030
f 2030 1963 1975
f 2030 1975 2007
f 2030 2007 2023
f 2030 2023 2050
f 2030 2050 2088
f 2088 2050 2073
f 2088 2073 2093
f 2088 2093 2158
f 2158 2093 2125
f 2158 2125 2137
f 2158 2137 2145
f 2158 2145 2152
f 2158 2152 2286
f 2286 2152 2302
f 2302 2152 2906
f 2158 2286 2270
f 2158 2270 2162
f 2162 2270 2166
f 2166 2270 2170
f 2170 2270 2174
f 2174 2270 2254
f 2174 2254 2178
f 2178 2254 2182
f 2182 2254 2186
f 2186 2254 2238
f 2186 2238 2210
f 2186 2210 2206
f 2186 2206 2202
f 2186 2202 2198
f 2186 2198 2194
f 2186 2194 2190
f 2186 2190 2188
f 2210 2238 2222
f 2210 2222 2214
f 2302 2906 2318
f 2318 2906 2326
f 2326 2906 2334
f 2334 2906 2342
f 2342 2906 2350
f 2350 2906 2358
f 2358 2906 2406
f 2358 2406 2398
f 2358 2398 2390
f 2358 2390 2382
f 2358 2382 2374
f 2358 2374 2366
f 2406 2906 2414
f 2414 2906 2430
f 2430 2906 2446
f 2446 2906 2462
f 2462 2906 2478
f 2478 2906 2494
f 2494 2906 2510
f 2510 2906 2626
f 2510 2626 2606
f 2510 2606 2512
f 2512 2606 2584
f 2512 2584 2568
f 2512 2568 2518
f 2518 2568 2522
f 2522 2568 2526
f 2526 2568 2530
f 2530 2568 2552
f 2530 2552 2534
f 2534 2552 2538
f 2538 2552 2542
f 2542 2552 2544
f 2542 2544 2548
f 2626 2906 2646
f 2646 2906 2666
f 2666 2906 2674
f 2674 2906 2682
f 2682 2906 2694
f 2694 2906 2702
f 2702 2906 2710
f 2710 2906 2754
f 2710 2754 2746
f 2710 2746 2738
f 2710 2738 2730
f 2710 2730 2722
f 2754 2906 2762
f 2762 2906 2770
f 2770 2906 2786
f 2786 2906 2802
f 2802 2906 2818
f 2818 2906 2834
f 2834 2906 2850
f 2850 2906 2866
f 2866 2906 2868
f 2868 2906 2874
f 2874 2906 2878
f 2878 2906 2882
f 2882 2906 2886
f 2886 2906 2890
f 2890 2906 2894
f 2894 2906 2898
f 2898 2906 2900
f 2900 2906 2902
f 2902 2906 2908
f 2902 2908 2912
f 2902 2912 2924
f 2924 2912 2916
f 2924 2916 2920
f 2924 2920 2940
f 2924 2940 2928
f 2928 2940 2932
f 2932 2940 2936
f 2936 2940 2944
f 2944 2940 2996
f 2944 2996 2948
f 2948 2996 2956
f 2956 2996 2966
f 2966 2996 2974
f 2974 2996 2982
f 2982 2996 2990
f 2990 2996 3002
f 3002 2996 3014
f 3002 3014 3009
f 3009 3014 3019
f 3019 3014 3053
f 3053 3014 3063
f 3063 3014 3085
f 3085 3014 3117
f 3117 3014 3125
f 3125 3014 3198
f 3019 3053 3026
f 3026 3053 3034
f 3034 3053 3042
f 3042 3053 3050
f 3125 3198 3153
f 3153 3198 3199
f 3199 3198 3250
f 3199 3250 3201
f 3201 3250 3219
f 3219 3250 3243
f 3243 3250 3273
f 3273 3250 3292
f 3273 3292 3281
f 3281 3292 3283
f 3283 3292 3285
f 3285 3292 3323
f 3323 3292 3310
f 3323 3310 3330
f 3053 3060 3050
f 3060 3053 3065
f 3060 3065 3074
f 3074 3065 3087
f 3074 3087 3082
f 3082 3087 3096
f 3096 3087 3119
f 3096 3119 3100
f 3100 3119 3108
f 3108 3119 3112
f 3112 3119 3116
f 3116 3119 3127
f 3116 3127 3210
f 3210 3127 3155
f 3210 3155 3207
f 3210 3207 3241
f 3210 3241 3252
f 3252 3241 3279
f 3252 3279 3294
f 3294 3279 3299
f 3294 3299 3312
f 3312 3299 3317
f 3312 3317 3332
f 3332 3317 3321
f 3332 3321 3323
f 3332 3323 3330
f 3332 3330 3338
f 3332 3338 3340
f 3340 3338 3344
f 1400 1392 1390
f 1392 1400 1402
f 1402 1400 1416
f 1402 1416 1418
f 1418 1416 1432
f 1418 1432 1434
f 1434 1432 1448
f 1434 1448 1450
f 1450 1448 1464
f 1450 1464 1466
f 1466 1464 1480
f 1466 1480 1482
f 1408 1396 1394
f 1396 1408 1410
f 1410 1408 1424
f 1410 1424 1426
f 1426 1424 1440
f 1426 1440 1442
f 1442 1440 1456
f 1442 1456 1458
f 1458 1456 1472
f 1458 1472 1474
f 1474 1472 1488
f 1474 1488 1490
f 1388 1406 1394
f 1406 1388 1422
f 1422 1388 1438
f 1438 1388 1454
f 1454 1388 1470
f 1470 1388 1696
f 1470 1696 1486
f 1486 1696 1498
f 1498 1696 1506
f 1506 1696 1514
f 1514 1696 1522
f 1522 1696 1530
f 1530 1696 1538
f 1538 1696 1586
f 1538 1586 1578
f 1538 1578 1570
f 1538 1570 1562
f 1538 1562 1554
f 1538 1554 1546
f 1586 1696 1598
f 1598 1696 1614
f 1614 1696 1630
f 1630 1696 1646
f 1646 1696 1662
f 1662 1696 1678
f 1678 1696 1690
f 1690 1696 1692
f 1942 1949 1945
f 1949 1942 1961
f 1961 1942 1973
f 1973 1942 2042
f 1973 2042 2005
f 2005 2042 2021
f 2021 2042 2044
f 613 628 608
f 628 613 619
f 628 619 635
f 628 635 652
f 652 635 643
f 652 643 659
f 652 659 688
f 688 659 703
f 688 703 736
f 736 703 733
f 736 733 767
f 736 767 790
f 790 767 807
f 790 807 814
f 814 807 819
f 814 819 850
f 850 819 827
f 850 827 835
f 850 835 841
f 850 841 846
f 850 846 854
f 850 854 894
f 894 854 858
f 894 858 862
f 894 862 866
f 894 866 870
f 894 870 878
f 894 878 888
f 894 888 900
f 894 900 936
f 936 900 908
f 936 908 916
f 936 916 924
f 936 924 930
f 936 930 952
f 936 952 940
f 940 952 944
f 944 952 948
f 948 952 954
f 948 954 960
f 960 954 1074
f 1074 954 1090
f 1090 954 1106
f 1106 954 1122
f 1122 954 1756
f 960 1074 964
f 964 1074 1058
f 964 1058 968
f 968 1058 972
f 972 1058 1042
f 972 1042 1014
f 972 1014 1010
f 972 1010 1008
f 1014 1042 1018
f 1018 1042 1022
f 1022 1042 1026
f 1026 1042 1034
f 1026 1034 1030
f 1122 1756 1138
f 1138 1756 1146
f 1146 1756 1154
f 1154 1756 1162
f 1162 1756 1234
f 1162 1234 1170
f 1170 1234 1226
f 1170 1226 1178
f 1178 1226 1218
f 1178 1218 1210
f 1178 1210 1202
f 1178 1202 1194
f 1178 1194 1186
f 1234 1756 1250
f 1250 1756 1266
f 1266 1756 1282
f 1282 1756 1298
f 1298 1756 1314
f 1314 1756 1330
f 1330 1756 1462
f 1330 1462 1332
f 1332 1462 1446
f 1332 1446 1338
f 1338 1446 1342
f 1342 1446 1430
f 1342 1430 1346
f 1346 1430 1350
f 1350 1430 1354
f 1354 1430 1358
f 1358 1430 1362
f 1362 1430 1414
f 1362 1414 1386
f 1362 1386 1382
f 1362 1382 1378
f 1362 1378 1374
f 1362 1374 1370
f 1362 1370 1366
f 1362 1366 1364
f 1386 1414 1398
f 1386 1398 1390
f 1462 1756 1478
f 1478 1756 1494
f 1494 1756 1502
f 1502 1756 1510
f 1510 1756 1518
f 1518 1756 1526
f 1526 1756 1534
f 1534 1756 1582
f 1534 1582 1574
f 1534 1574 1566
f 1534 1566 1558
f 1534 1558 1550
f 1534 1550 1542
f 1582 1756 1590
f 1590 1756 1606
f 1606 1756 1622
f 1622 1756 1638
f 1638 1756 1654
f 1654 1756 1670
f 1670 1756 1686
f 1686 1756 1688
f 1688 1756 1694
f 1694 1756 1698
f 1698 1756 1702
f 1702 1756 1706
f 1706 1756 1710
f 1710 1756 1714
f 1714 1756 1718
f 1718 1756 1734
f 1718 1734 1730
f 1718 1730 1726
f 1718 1726 1722
f 1718 1722 1720
f 1734 1756 1738
f 1738 1756 1742
f 1742 1756 1746
f 1746 1756 1750
f 1750 1756 1762
f 1616 1602 1600
f 1602 1616 1618
f 1618 1616 1632
f 1618 1632 1634
f 1634 1632 1648
f 1634 1648 1650
f 1650 1648 1664
f 1650 1664 1666
f 1666 1664 1680
f 1666 1680 1682
f 1682 1680 1690
f 1682 1690 1692
f 1386 1468 1694
f 1468 1386 1452
f 1452 1386 1436
f 1436 1386 1420
f 1420 1386 1404
f 1404 1386 1392
f 1392 1386 1390
f 1694 1468 1484
f 1694 1484 1496
f 1694 1496 1504
f 1694 1504 1512
f 1694 1512 1520
f 1694 1520 1528
f 1694 1528 1536
f 1694 1536 1584
f 1584 1536 1576
f 1576 1536 1568
f 1568 1536 1560
f 1560 1536 1552
f 1552 1536 1544
f 1694 1584 1596
f 1694 1596 1612
f 1694 1612 1628
f 1694 1628 1644
f 1694 1644 1660
f 1694 1660 1676
f 1694 1676 1688
f 1608 1594 1592
f 1594 1608 1610
f 1610 1608 1624
f 1610 1624 1626
f 1626 1624 1640
f 1626 1640 1642
f 1642 1640 1656
f 1642 1656 1658
f 1658 1656 1672
f 1658 1672 1674
f 1674 1672 1686
f 1674 1686 1688
f 1044 1036 1034
f 1036 1044 1046
f 1046 1044 1060
f 1046 1060 1062
f 1062 1060 1076
f 1062 1076 1078
f 1078 1076 1092
f 1078 1092 1094
f 1094 1092 1108
f 1094 1108 1110
f 1110 1108 1124
f 1110 1124 1126
f 1032 1050 1038
f 1050 1032 1066
f 1066 1032 1082
f 1082 1032 1098
f 1098 1032 1114
f 1114 1032 1340
f 1114 1340 1130
f 1130 1340 1142
f 1142 1340 1150
f 1150 1340 1158
f 1158 1340 1166
f 1166 1340 1174
f 1174 1340 1182
f 1182 1340 1222
f 1182 1222 1214
f 1182 1214 1206
f 1182 1206 1198
f 1182 1198 1190
f 1222 1340 1230
f 1230 1340 1242
f 1242 1340 1258
f 1258 1340 1274
f 1274 1340 1290
f 1290 1340 1306
f 1306 1340 1322
f 1322 1340 1334
f 1334 1340 1336
f 1260 1246 1244
f 1246 1260 1262
f 1262 1260 1276
f 1262 1276 1278
f 1278 1276 1292
f 1278 1292 1294
f 1294 1292 1308
f 1294 1308 1310
f 1310 1308 1324
f 1310 1324 1326
f 1326 1324 1334
f 1326 1334 1336
f 1030 1112 1338
f 1112 1030 1096
f 1096 1030 1080
f 1080 1030 1064
f 1064 1030 1048
f 1048 1030 1036
f 1036 1030 1034
f 1338 1112 1128
f 1338 1128 1140
f 1338 1140 1148
f 1338 1148 1156
f 1338 1156 1164
f 1338 1164 1172
f 1338 1172 1180
f 1338 1180 1220
f 1220 1180 1212
f 1212 1180 1204
f 1204 1180 1196
f 1196 1180 1188
f 1338 1220 1228
f 1338 1228 1240
f 1338 1240 1256
f 1338 1256 1272
f 1338 1272 1288
f 1338 1288 1304
f 1338 1304 1320
f 1338 1320 1332
f 1252 1238 1236
f 1238 1252 1254
f 1254 1252 1268
f 1254 1268 1270
f 1270 1268 1284
f 1270 1284 1286
f 1286 1284 1300
f 1286 1300 1302
f 1302 1300 1316
f 1302 1316 1318
f 1318 1316 1330
f 1318 1330 1332
f 2224 2216 2214
f 2216 2224 2226
f 2226 2224 2240
f 2226 2240 2242
f 2242 2240 2256
f 2242 2256 2258
f 2258 2256 2272
f 2258 2272 2274
f 2274 2272 2288
f 2274 2288 2290
f 2290 2288 2304
f 2290 2304 2306
f 2212 2230 2218
f 2230 2212 2246
f 2246 2212 2262
f 2262 2212 2278
f 2278 2212 2294
f 2294 2212 2520
f 2294 2520 2310
f 2310 2520 2322
f 2322 2520 2330
f 2330 2520 2338
f 2338 2520 2346
f 2346 2520 2354
f 2354 2520 2362
f 2362 2520 2410
f 2362 2410 2402
f 2362 2402 2394
f 2362 2394 2386
f 2362 2386 2378
f 2362 2378 2370
f 2410 2520 2422
f 2422 2520 2438
f 2438 2520 2454
f 2454 2520 2470
f 2470 2520 2486
f 2486 2520 2502
f 2502 2520 2514
f 2514 2520 2516
f 2210 2292 2518
f 2292 2210 2276
f 2276 2210 2260
f 2260 2210 2244
f 2244 2210 2228
f 2228 2210 2216
f 2216 2210 2214
f 2518 2292 2308
f 2518 2308 2320
f 2518 2320 2328
f 2518 2328 2336
f 2518 2336 2344
f 2518 2344 2352
f 2518 2352 2360
f 2518 2360 2408
f 2408 2360 2400
f 2400 2360 2392
f 2392 2360 2384
f 2384 2360 2376
f 2376 2360 2368
f 2518 2408 2420
f 2518 2420 2436
f 2518 2436 2452
f 2518 2452 2468
f 2518 2468 2484
f 2518 2484 2500
f 2518 2500 2512
f 2432 2418 2416
f 2418 2432 2434
f 2434 2432 2448
f 2434 2448 2450
f 2450 2448 2464
f 2450 2464 2466
f 2466 2464 2480
f 2466 2480 2482
f 2482 2480 2496
f 2482 2496 2498
f 2498 2496 2510
f 2498 2510 2512
f 2440 2426 2424
f 2426 2440 2442
f 2442 2440 2456
f 2442 2456 2458
f 2458 2456 2472
f 2458 2472 2474
f 2474 2472 2488
f 2474 2488 2490
f 2490 2488 2504
f 2490 2504 2506
f 2506 2504 2514
f 2506 2514 2516
f 2554 2546 2544
f 2546 2554 2556
f 2556 2554 2570
f 2556 2570 2572
f 2572 2570 2586
f 2572 2586 2588
f 2588 2586 2608
f 2588 2608 2610
f 2610 2608 2628
f 2610 2628 2630
f 2630 2628 2648
f 2630 2648 2650
f 2562 2550 2548
f 2550 2562 2564
f 2564 2562 2578
f 2564 2578 2580
f 2580 2578 2594
f 2580 2594 2596
f 2596 2594 2616
f 2596 2616 2618
f 2618 2616 2636
f 2618 2636 2638
f 2638 2636 2656
f 2638 2656 2658
f 2548 2546 2560
f 2546 2548 2544
f 2560 2546 2558
f 2560 2558 2576
f 2576 2558 2574
f 2576 2574 2592
f 2592 2574 2590
f 2592 2590 2600
f 2592 2600 2614
f 2614 2600 2604
f 2614 2604 2624
f 2614 2624 2634
f 2634 2624 2644
f 2634 2644 2654
f 2654 2644 2664
f 2654 2664 2670
f 2670 2664 2692
f 2670 2692 2678
f 2678 2692 2686
f 2686 2692 2698
f 2698 2692 2720
f 2698 2720 2706
f 2706 2720 2714
f 2714 2720 2726
f 2726 2720 2734
f 2734 2720 2742
f 2742 2720 2876
f 2742 2876 2750
f 2750 2876 2758
f 2758 2876 2766
f 2766 2876 2778
f 2778 2876 2794
f 2794 2876 2810
f 2810 2876 2826
f 2826 2876 2842
f 2842 2876 2858
f 2858 2876 2870
f 2870 2876 2872
f 3094 3083 3080
f 3083 3094 3089
f 3089 3094 3101
f 3101 3094 3098
f 3101 3098 3106
f 3101 3106 3121
f 3121 3106 3110
f 3121 3110 3114
f 3121 3114 3186
f 3121 3186 3129
f 3129 3186 3165
f 3165 3186 3187
f 3187 3186 3246
f 3187 3246 3229
f 3229 3246 3275
f 3275 3246 3288
f 3275 3288 3295
f 3295 3288 3306
f 3295 3306 3301
f 3301 3306 3313
f 3313 3306 3326
f 3313 3326 3319
f 2922 2906 2904
f 2906 2922 2910
f 2906 2910 2908
f 2910 2922 2914
f 2914 2922 2918
f 2918 2922 2938
f 2938 2922 2926
f 2938 2926 2930
f 2938 2930 2934
f 2938 2934 2942
f 2938 2942 2994
f 2994 2942 2946
f 2994 2946 2954
f 2994 2954 2964
f 2994 2964 2972
f 2994 2972 2980
f 2994 2980 2988
f 2994 2988 3000
f 2994 3000 3012
f 3012 3000 3006
f 3012 3006 3016
f 3012 3016 3024
f 3012 3024 3091
f 3012 3091 3103
f 3012 3103 3123
f 3012 3123 3196
f 3091 3024 3032
f 3091 3032 3040
f 3091 3040 3048
f 3091 3048 3083
f 3083 3048 3058
f 3083 3058 3072
f 3083 3072 3080
f 3196 3123 3131
f 3196 3131 3167
f 3196 3167 3193
f 3196 3193 3231
f 3196 3231 3248
f 3248 3231 3277
f 3248 3277 3290
f 3290 3277 3297
f 3290 3297 3308
f 3308 3297 3303
f 3308 3303 3315
f 3308 3315 3328
f 3328 3315 3319
f 3328 3319 3326
f 3328 3326 3334
f 3328 3334 3336
f 3336 3334 3342
f 962 956 950
f 956 962 1088
f 956 1088 1104
f 956 1104 1120
f 956 1120 1136
f 956 1136 1758
f 1088 962 966
f 1088 966 1072
f 1072 966 970
f 1072 970 974
f 1072 974 1056
f 1056 974 972
f 1056 972 1016
f 1016 972 1012
f 1012 972 1008
f 1056 1016 1020
f 1056 1020 1024
f 1056 1024 1028
f 1056 1028 1040
f 1040 1028 1032
f 1040 1032 1038
f 1758 1136 1144
f 1758 1144 1152
f 1758 1152 1160
f 1758 1160 1168
f 1758 1168 1248
f 1248 1168 1176
f 1248 1176 1232
f 1232 1176 1184
f 1232 1184 1224
f 1224 1184 1216
f 1216 1184 1208
f 1208 1184 1200
f 1200 1184 1192
f 1758 1248 1264
f 1758 1264 1280
f 1758 1280 1296
f 1758 1296 1312
f 1758 1312 1328
f 1758 1328 1336
f 1758 1336 1476
f 1476 1336 1460
f 1460 1336 1340
f 1460 1340 1344
f 1460 1344 1444
f 1444 1344 1348
f 1444 1348 1352
f 1444 1352 1356
f 1444 1356 1360
f 1444 1360 1362
f 1444 1362 1428
f 1428 1362 1388
f 1388 1362 1384
f 1384 1362 1380
f 1380 1362 1376
f 1376 1362 1372
f 1372 1362 1368
f 1368 1362 1364
f 1428 1388 1412
f 1412 1388 1396
f 1396 1388 1394
f 1758 1476 1492
f 1758 1492 1500
f 1758 1500 1508
f 1758 1508 1516
f 1758 1516 1524
f 1758 1524 1532
f 1758 1532 1540
f 1758 1540 1588
f 1588 1540 1580
f 1580 1540 1572
f 1572 1540 1564
f 1564 1540 1556
f 1556 1540 1548
f 1758 1588 1604
f 1758 1604 1620
f 1758 1620 1636
f 1758 1636 1652
f 1758 1652 1668
f 1758 1668 1684
f 1758 1684 1692
f 1758 1692 1696
f 1758 1696 1700
f 1758 1700 1704
f 1758 1704 1708
f 1758 1708 1712
f 1758 1712 1716
f 1758 1716 1718
f 1758 1718 1736
f 1736 1718 1732
f 1732 1718 1728
f 1728 1718 1724
f 1724 1718 1720
f 1758 1736 1740
f 1758 1740 1744
f 1758 1744 1748
f 1758 1748 1752
f 1758 1752 1764
f 1758 1764 1760
f 1760 1764 1772
f 1772 1764 1768
f 1772 1768 1832
f 1772 1832 1776
f 1776 1832 1780
f 1780 1832 1784
f 1784 1832 1788
f 1788 1832 1792
f 1792 1832 1800
f 1800 1832 1810
f 1810 1832 1818
f 1818 1832 1826
f 1826 1832 1838
f 1838 1832 1858
f 1838 1858 1846
f 1846 1858 1853
f 1853 1858 1867
f 1867 1858 1862
f 1867 1862 1874
f 1874 1862 1960
f 1874 1960 1882
f 1882 1960 1890
f 1890 1960 1898
f 1898 1960 1906
f 1906 1960 1916
f 1916 1960 1924
f 1924 1960 1928
f 1928 1960 1932
f 1932 1960 1936
f 1936 1960 1940
f 1940 1960 1944
f 1944 1960 1947
f 1947 1960 1953
f 1953 1960 1965
f 1965 1960 2032
f 1965 2032 1977
f 1977 2032 2009
f 2009 2032 2025
f 2025 2032 2052
f 2052 2032 2090
f 2052 2090 2075
f 2075 2090 2095
f 2095 2090 2160
f 2095 2160 2127
f 2127 2160 2139
f 2139 2160 2147
f 2147 2160 2155
f 2155 2160 2300
f 2155 2300 2316
f 2155 2316 2900
f 2300 2160 2284
f 2284 2160 2164
f 2284 2164 2168
f 2284 2168 2172
f 2284 2172 2176
f 2284 2176 2268
f 2268 2176 2180
f 2268 2180 2184
f 2268 2184 2186
f 2268 2186 2252
f 2252 2186 2212
f 2212 2186 2208
f 2208 2186 2204
f 2204 2186 2200
f 2200 2186 2196
f 2196 2186 2192
f 2192 2186 2188
f 2252 2212 2236
f 2236 2212 2220
f 2220 2212 2218
f 2900 2316 2324
f 2900 2324 2332
f 2900 2332 2340
f 2900 2340 2348
f 2900 2348 2356
f 2900 2356 2364
f 2900 2364 2412
f 2412 2364 2404
f 2404 2364 2396
f 2396 2364 2388
f 2388 2364 2380
f 2380 2364 2372
f 2900 2412 2428
f 2900 2428 2444
f 2900 2444 2460
f 2900 2460 2476
f 2900 2476 2492
f 2900 2492 2508
f 2900 2508 2516
f 2900 2516 2640
f 2640 2516 2620
f 2620 2516 2598
f 2598 2516 2582
f 2582 2516 2520
f 2582 2520 2524
f 2582 2524 2528
f 2582 2528 2532
f 2582 2532 2566
f 2566 2532 2536
f 2566 2536 2540
f 2566 2540 2542
f 2566 2542 2550
f 2550 2542 2548
f 2900 2640 2660
f 2900 2660 2672
f 2900 2672 2680
f 2900 2680 2688
f 2900 2688 2700
f 2900 2700 2708
f 2900 2708 2716
f 2900 2716 2760
f 2760 2716 2752
f 2752 2716 2744
f 2744 2716 2736
f 2736 2716 2728
f 2900 2760 2768
f 2900 2768 2784
f 2900 2784 2800
f 2900 2800 2816
f 2900 2816 2832
f 2900 2832 2848
f 2900 2848 2864
f 2900 2864 2872
f 2900 2872 2876
f 2900 2876 2880
f 2900 2880 2884
f 2900 2884 2888
f 2900 2888 2892
f 2900 2892 2896
f 2900 2896 2898
f 2612 2600 2590
f 2600 2612 2602
f 2602 2612 2622
f 2622 2612 2632
f 2622 2632 2642
f 2642 2632 2652
f 2642 2652 2662
f 2662 2652 2668
f 2662 2668 2690
f 2690 2668 2676
f 2690 2676 2684
f 2690 2684 2696
f 2690 2696 2718
f 2718 2696 2704
f 2718 2704 2712
f 2718 2712 2724
f 2718 2724 2732
f 2718 2732 2740
f 2718 2740 2874
f 2874 2740 2748
f 2874 2748 2756
f 2874 2756 2764
f 2874 2764 2776
f 2874 2776 2792
f 2874 2792 2808
f 2874 2808 2824
f 2874 2824 2840
f 2874 2840 2856
f 2874 2856 2868
f 2788 2774 2772
f 2774 2788 2790
f 2790 2788 2804
f 2790 2804 2806
f 2806 2804 2820
f 2806 2820 2822
f 2822 2820 2836
f 2822 2836 2838
f 2838 2836 2852
f 2838 2852 2854
f 2854 2852 2866
f 2854 2866 2868
f 2796 2782 2780
f 2782 2796 2798
f 2798 2796 2812
f 2798 2812 2814
f 2814 2812 2828
f 2814 2828 2830
f 2830 2828 2844
f 2830 2844 2846
f 2846 2844 2860
f 2846 2860 2862
f 2862 2860 2870
f 2862 2870 2872
f 2232 2220 2218
f 2220 2232 2234
f 2234 2232 2248
f 2234 2248 2250
f 2250 2248 2264
f 2250 2264 2266
f 2266 2264 2280
f 2266 2280 2282
f 2282 2280 2296
f 2282 2296 2298
f 2298 2296 2312
f 2298 2312 2314
f 1944 1979 2062
f 1979 1944 1967
f 1967 1944 1955
f 1955 1944 1947
f 2062 1979 2011
f 2062 2011 2027
f 2062 2027 2059
f 624 615 616
f 615 624 623
f 640 623 624
f 623 640 639
f 648 639 640
f 639 648 647
f 648 663 647
f 663 648 664
f 664 707 663
f 707 664 708
f 708 745 707
f 745 708 746
f 746 771 745
f 771 746 772
f 772 811 771
f 811 772 812
f 812 823 811
f 823 812 824
f 823 832 831
f 832 823 824
f 831 840 839
f 840 831 832
f 839 844 843
f 844 839 840
# 3344 vertices
# 0 texture params
# 0 normals
# 6772 facets

# 2 groups
